name,state
data/fdata1/pic/a_232bf02f_0_lc.jpg, lc
data/fdata1/pic/a_232bf02f_1_lo.jpg, lo
data/fdata1/pic/a_232bf02f_2_lq.jpg, lq
data/fdata1/pic/a_232bf02f_3_lw.jpg, lw
data/fdata1/pic/a_232bf02f_4_le.jpg, le
data/fdata1/pic/a_232bf02f_5_l1.jpg, l1
data/fdata1/pic/a_232bf02f_6_l2.jpg, l2
data/fdata1/pic/a_232bf02f_7_l3.jpg, l3
data/fdata1/pic/a_232bf02f_8_l4.jpg, l4
data/fdata1/pic/a_232bf02f_9_l5.jpg, l5
data/fdata1/pic/a_232bf02f_10_mc.jpg, mc
data/fdata1/pic/a_232bf02f_11_mo.jpg, mo
data/fdata1/pic/a_232bf02f_12_mq.jpg, mq
data/fdata1/pic/a_232bf02f_13_mw.jpg, mw
data/fdata1/pic/a_232bf02f_14_me.jpg, me
data/fdata1/pic/a_232bf02f_15_m1.jpg, m1
data/fdata1/pic/a_232bf02f_16_m2.jpg, m2
data/fdata1/pic/a_232bf02f_17_m3.jpg, m3
data/fdata1/pic/a_232bf02f_18_m4.jpg, m4
data/fdata1/pic/a_232bf02f_19_m5.jpg, m5
data/fdata1/pic/a_232bf02f_20_rc.jpg, rc
data/fdata1/pic/a_232bf02f_21_ro.jpg, ro
data/fdata1/pic/a_232bf02f_22_rq.jpg, rq
data/fdata1/pic/a_232bf02f_23_rw.jpg, rw
data/fdata1/pic/a_232bf02f_24_re.jpg, re
data/fdata1/pic/a_232bf02f_25_r1.jpg, r1
data/fdata1/pic/a_232bf02f_26_r2.jpg, r2
data/fdata1/pic/a_232bf02f_27_r3.jpg, r3
data/fdata1/pic/a_232bf02f_28_r4.jpg, r4
data/fdata1/pic/a_232bf02f_29_r5.jpg, r5
data/fdata1/pic/a_232bf02f_30_lc.jpg, lc
data/fdata1/pic/a_232bf02f_31_lo.jpg, lo
data/fdata1/pic/a_232bf02f_32_lq.jpg, lq
data/fdata1/pic/a_232bf02f_33_lw.jpg, lw
data/fdata1/pic/a_232bf02f_34_le.jpg, le
data/fdata1/pic/a_232bf02f_35_l1.jpg, l1
data/fdata1/pic/a_232bf02f_36_l2.jpg, l2
data/fdata1/pic/a_232bf02f_37_l3.jpg, l3
data/fdata1/pic/a_232bf02f_38_l4.jpg, l4
data/fdata1/pic/a_232bf02f_39_l5.jpg, l5
data/fdata1/pic/a_232bf02f_40_mc.jpg, mc
data/fdata1/pic/a_232bf02f_41_mo.jpg, mo
data/fdata1/pic/a_232bf02f_42_mq.jpg, mq
data/fdata1/pic/a_232bf02f_43_mw.jpg, mw
data/fdata1/pic/a_232bf02f_44_me.jpg, me
data/fdata1/pic/a_232bf02f_45_m1.jpg, m1
data/fdata1/pic/a_232bf02f_46_m2.jpg, m2
data/fdata1/pic/a_232bf02f_47_m3.jpg, m3
data/fdata1/pic/a_232bf02f_48_m4.jpg, m4
data/fdata1/pic/a_232bf02f_49_m5.jpg, m5
data/fdata1/pic/a_232bf02f_50_rc.jpg, rc
data/fdata1/pic/a_232bf02f_51_ro.jpg, ro
data/fdata1/pic/a_232bf02f_52_rq.jpg, rq
data/fdata1/pic/a_232bf02f_53_rw.jpg, rw
data/fdata1/pic/a_232bf02f_54_re.jpg, re
data/fdata1/pic/a_232bf02f_55_r1.jpg, r1
data/fdata1/pic/a_232bf02f_56_r2.jpg, r2
data/fdata1/pic/a_232bf02f_57_r3.jpg, r3
data/fdata1/pic/a_232bf02f_58_r4.jpg, r4
data/fdata1/pic/a_232bf02f_59_r5.jpg, r5
data/fdata1/pic/a_232bf02f_60_lc.jpg, lc
data/fdata1/pic/a_232bf02f_61_lo.jpg, lo
data/fdata1/pic/a_232bf02f_62_lq.jpg, lq
data/fdata1/pic/a_232bf02f_63_lw.jpg, lw
data/fdata1/pic/a_232bf02f_64_le.jpg, le
data/fdata1/pic/a_232bf02f_65_l1.jpg, l1
data/fdata1/pic/a_232bf02f_66_l2.jpg, l2
data/fdata1/pic/a_232bf02f_67_l3.jpg, l3
data/fdata1/pic/a_232bf02f_68_l4.jpg, l4
data/fdata1/pic/a_232bf02f_69_l5.jpg, l5
data/fdata1/pic/a_232bf02f_70_mc.jpg, mc
data/fdata1/pic/a_232bf02f_71_mo.jpg, mo
data/fdata1/pic/a_232bf02f_72_mq.jpg, mq
data/fdata1/pic/a_232bf02f_73_mw.jpg, mw
data/fdata1/pic/a_232bf02f_74_me.jpg, me
data/fdata1/pic/a_232bf02f_75_m1.jpg, m1
data/fdata1/pic/a_232bf02f_76_m2.jpg, m2
data/fdata1/pic/a_232bf02f_77_m3.jpg, m3
data/fdata1/pic/a_232bf02f_78_m4.jpg, m4
data/fdata1/pic/a_232bf02f_79_m5.jpg, m5
data/fdata1/pic/a_232bf02f_80_rc.jpg, rc
data/fdata1/pic/a_232bf02f_81_ro.jpg, ro
data/fdata1/pic/a_232bf02f_82_rq.jpg, rq
data/fdata1/pic/a_232bf02f_83_rw.jpg, rw
data/fdata1/pic/a_232bf02f_84_re.jpg, re
data/fdata1/pic/a_232bf02f_85_r1.jpg, r1
data/fdata1/pic/a_232bf02f_86_r2.jpg, r2
data/fdata1/pic/a_232bf02f_87_r3.jpg, r3
data/fdata1/pic/a_232bf02f_88_r4.jpg, r4
data/fdata1/pic/a_232bf02f_89_r5.jpg, r5
data/fdata1/pic/a_232bf02f_90_lc.jpg, lc
data/fdata1/pic/a_232bf02f_91_lo.jpg, lo
data/fdata1/pic/a_232bf02f_92_lq.jpg, lq
data/fdata1/pic/a_232bf02f_93_lw.jpg, lw
data/fdata1/pic/a_232bf02f_94_le.jpg, le
data/fdata1/pic/a_232bf02f_95_l1.jpg, l1
data/fdata1/pic/a_232bf02f_96_l2.jpg, l2
data/fdata1/pic/a_232bf02f_97_l3.jpg, l3
data/fdata1/pic/a_232bf02f_98_l4.jpg, l4
data/fdata1/pic/a_232bf02f_99_l5.jpg, l5
data/fdata1/pic/a_232bf02f_100_mc.jpg, mc
data/fdata1/pic/a_232bf02f_101_mo.jpg, mo
data/fdata1/pic/a_232bf02f_102_mq.jpg, mq
data/fdata1/pic/a_232bf02f_103_mw.jpg, mw
data/fdata1/pic/a_232bf02f_104_me.jpg, me
data/fdata1/pic/a_232bf02f_105_m1.jpg, m1
data/fdata1/pic/a_232bf02f_106_m2.jpg, m2
data/fdata1/pic/a_232bf02f_107_m3.jpg, m3
data/fdata1/pic/a_232bf02f_108_m4.jpg, m4
data/fdata1/pic/a_232bf02f_109_m5.jpg, m5
data/fdata1/pic/a_232bf02f_110_rc.jpg, rc
data/fdata1/pic/a_232bf02f_111_ro.jpg, ro
data/fdata1/pic/a_232bf02f_112_rq.jpg, rq
data/fdata1/pic/a_232bf02f_113_rw.jpg, rw
data/fdata1/pic/a_232bf02f_114_re.jpg, re
data/fdata1/pic/a_232bf02f_115_r1.jpg, r1
data/fdata1/pic/a_232bf02f_116_r2.jpg, r2
data/fdata1/pic/a_232bf02f_117_r3.jpg, r3
data/fdata1/pic/a_232bf02f_118_r4.jpg, r4
data/fdata1/pic/a_232bf02f_119_r5.jpg, r5
data/fdata1/pic/a_232bf02f_120_lc.jpg, lc
data/fdata1/pic/a_232bf02f_121_lo.jpg, lo
data/fdata1/pic/a_232bf02f_122_lq.jpg, lq
data/fdata1/pic/a_232bf02f_123_lw.jpg, lw
data/fdata1/pic/a_232bf02f_124_le.jpg, le
data/fdata1/pic/a_232bf02f_125_l1.jpg, l1
data/fdata1/pic/a_232bf02f_126_l2.jpg, l2
data/fdata1/pic/a_232bf02f_127_l3.jpg, l3
data/fdata1/pic/a_232bf02f_128_l4.jpg, l4
data/fdata1/pic/a_232bf02f_129_l5.jpg, l5
data/fdata1/pic/a_232bf02f_130_mc.jpg, mc
data/fdata1/pic/a_232bf02f_131_mo.jpg, mo
data/fdata1/pic/a_232bf02f_132_mq.jpg, mq
data/fdata1/pic/a_232bf02f_133_mw.jpg, mw
data/fdata1/pic/a_232bf02f_134_me.jpg, me
data/fdata1/pic/a_232bf02f_135_m1.jpg, m1
data/fdata1/pic/a_232bf02f_136_m2.jpg, m2
data/fdata1/pic/a_232bf02f_137_m3.jpg, m3
data/fdata1/pic/a_232bf02f_138_m4.jpg, m4
data/fdata1/pic/a_232bf02f_139_m5.jpg, m5
data/fdata1/pic/a_232bf02f_140_rc.jpg, rc
data/fdata1/pic/a_232bf02f_141_ro.jpg, ro
data/fdata1/pic/a_232bf02f_142_rq.jpg, rq
data/fdata1/pic/a_232bf02f_143_rw.jpg, rw
data/fdata1/pic/a_232bf02f_144_re.jpg, re
data/fdata1/pic/a_232bf02f_145_r1.jpg, r1
data/fdata1/pic/a_232bf02f_146_r2.jpg, r2
data/fdata1/pic/a_232bf02f_147_r3.jpg, r3
data/fdata1/pic/a_232bf02f_148_r4.jpg, r4
data/fdata1/pic/a_232bf02f_149_r5.jpg, r5
data/fdata1/pic/a_232bf02f_150_lc.jpg, lc
data/fdata1/pic/a_232bf02f_151_lo.jpg, lo
data/fdata1/pic/a_232bf02f_152_lq.jpg, lq
data/fdata1/pic/a_232bf02f_153_lw.jpg, lw
data/fdata1/pic/a_232bf02f_154_le.jpg, le
data/fdata1/pic/a_232bf02f_155_l1.jpg, l1
data/fdata1/pic/a_232bf02f_156_l2.jpg, l2
data/fdata1/pic/a_232bf02f_157_l3.jpg, l3
data/fdata1/pic/a_232bf02f_158_l4.jpg, l4
data/fdata1/pic/a_232bf02f_159_l5.jpg, l5
data/fdata1/pic/a_232bf02f_160_mc.jpg, mc
data/fdata1/pic/a_232bf02f_161_mo.jpg, mo
data/fdata1/pic/a_232bf02f_162_mq.jpg, mq
data/fdata1/pic/a_232bf02f_163_mw.jpg, mw
data/fdata1/pic/a_232bf02f_164_me.jpg, me
data/fdata1/pic/a_232bf02f_165_m1.jpg, m1
data/fdata1/pic/a_232bf02f_166_m2.jpg, m2
data/fdata1/pic/a_232bf02f_167_m3.jpg, m3
data/fdata1/pic/a_232bf02f_168_m4.jpg, m4
data/fdata1/pic/a_232bf02f_169_m5.jpg, m5
data/fdata1/pic/a_232bf02f_170_rc.jpg, rc
data/fdata1/pic/a_232bf02f_171_ro.jpg, ro
data/fdata1/pic/a_232bf02f_172_rq.jpg, rq
data/fdata1/pic/a_232bf02f_173_rw.jpg, rw
data/fdata1/pic/a_232bf02f_174_re.jpg, re
data/fdata1/pic/a_232bf02f_175_r1.jpg, r1
data/fdata1/pic/a_232bf02f_176_r2.jpg, r2
data/fdata1/pic/a_232bf02f_177_r3.jpg, r3
data/fdata1/pic/a_232bf02f_178_r4.jpg, r4
data/fdata1/pic/a_232bf02f_179_r5.jpg, r5
data/fdata1/pic/a_232bf02f_180_lc.jpg, lc
data/fdata1/pic/a_232bf02f_181_lo.jpg, lo
data/fdata1/pic/a_232bf02f_182_lq.jpg, lq
data/fdata1/pic/a_232bf02f_183_lw.jpg, lw
data/fdata1/pic/a_232bf02f_184_le.jpg, le
data/fdata1/pic/a_232bf02f_185_l1.jpg, l1
data/fdata1/pic/a_232bf02f_186_l2.jpg, l2
data/fdata1/pic/a_232bf02f_187_l3.jpg, l3
data/fdata1/pic/a_232bf02f_188_l4.jpg, l4
data/fdata1/pic/a_232bf02f_189_l5.jpg, l5
data/fdata1/pic/a_232bf02f_190_mc.jpg, mc
data/fdata1/pic/a_232bf02f_191_mo.jpg, mo
data/fdata1/pic/a_232bf02f_192_mq.jpg, mq
data/fdata1/pic/a_232bf02f_193_mw.jpg, mw
data/fdata1/pic/a_232bf02f_194_me.jpg, me
data/fdata1/pic/a_232bf02f_195_m1.jpg, m1
data/fdata1/pic/a_232bf02f_196_m2.jpg, m2
data/fdata1/pic/a_232bf02f_197_m3.jpg, m3
data/fdata1/pic/a_232bf02f_198_m4.jpg, m4
data/fdata1/pic/a_232bf02f_199_m5.jpg, m5
data/fdata1/pic/a_232bf02f_200_rc.jpg, rc
data/fdata1/pic/a_232bf02f_201_ro.jpg, ro
data/fdata1/pic/a_232bf02f_202_rq.jpg, rq
data/fdata1/pic/a_232bf02f_203_rw.jpg, rw
data/fdata1/pic/a_232bf02f_204_re.jpg, re
data/fdata1/pic/a_232bf02f_205_r1.jpg, r1
data/fdata1/pic/a_232bf02f_206_r2.jpg, r2
data/fdata1/pic/a_232bf02f_207_r3.jpg, r3
data/fdata1/pic/a_232bf02f_208_r4.jpg, r4
data/fdata1/pic/a_232bf02f_209_r5.jpg, r5
data/fdata1/pic/a_232bf02f_210_lc.jpg, lc
data/fdata1/pic/a_232bf02f_211_lo.jpg, lo
data/fdata1/pic/a_232bf02f_212_lq.jpg, lq
data/fdata1/pic/a_232bf02f_213_lw.jpg, lw
data/fdata1/pic/a_232bf02f_214_le.jpg, le
data/fdata1/pic/a_232bf02f_215_l1.jpg, l1
data/fdata1/pic/a_232bf02f_216_l2.jpg, l2
data/fdata1/pic/a_232bf02f_217_l3.jpg, l3
data/fdata1/pic/a_232bf02f_218_l4.jpg, l4
data/fdata1/pic/a_232bf02f_219_l5.jpg, l5
data/fdata1/pic/a_232bf02f_220_mc.jpg, mc
data/fdata1/pic/a_232bf02f_221_mo.jpg, mo
data/fdata1/pic/a_232bf02f_222_mq.jpg, mq
data/fdata1/pic/a_232bf02f_223_mw.jpg, mw
data/fdata1/pic/a_232bf02f_224_me.jpg, me
data/fdata1/pic/a_232bf02f_225_m1.jpg, m1
data/fdata1/pic/a_232bf02f_226_m2.jpg, m2
data/fdata1/pic/a_232bf02f_227_m3.jpg, m3
data/fdata1/pic/a_232bf02f_228_m4.jpg, m4
data/fdata1/pic/a_232bf02f_229_m5.jpg, m5
data/fdata1/pic/a_232bf02f_230_rc.jpg, rc
data/fdata1/pic/a_232bf02f_231_ro.jpg, ro
data/fdata1/pic/a_232bf02f_232_rq.jpg, rq
data/fdata1/pic/a_232bf02f_233_rw.jpg, rw
data/fdata1/pic/a_232bf02f_234_re.jpg, re
data/fdata1/pic/a_232bf02f_235_r1.jpg, r1
data/fdata1/pic/a_232bf02f_236_r2.jpg, r2
data/fdata1/pic/a_232bf02f_237_r3.jpg, r3
data/fdata1/pic/a_232bf02f_238_r4.jpg, r4
data/fdata1/pic/a_232bf02f_239_r5.jpg, r5
data/fdata1/pic/a_232bf02f_240_lc.jpg, lc
data/fdata1/pic/a_232bf02f_241_lo.jpg, lo
data/fdata1/pic/a_232bf02f_242_lq.jpg, lq
data/fdata1/pic/a_232bf02f_243_lw.jpg, lw
data/fdata1/pic/a_232bf02f_244_le.jpg, le
data/fdata1/pic/a_232bf02f_245_l1.jpg, l1
data/fdata1/pic/a_232bf02f_246_l2.jpg, l2
data/fdata1/pic/a_232bf02f_247_l3.jpg, l3
data/fdata1/pic/a_232bf02f_248_l4.jpg, l4
data/fdata1/pic/a_232bf02f_249_l5.jpg, l5
data/fdata1/pic/a_232bf02f_250_mc.jpg, mc
data/fdata1/pic/a_232bf02f_251_mo.jpg, mo
data/fdata1/pic/a_232bf02f_252_mq.jpg, mq
data/fdata1/pic/a_232bf02f_253_mw.jpg, mw
data/fdata1/pic/a_232bf02f_254_me.jpg, me
data/fdata1/pic/a_232bf02f_255_m1.jpg, m1
data/fdata1/pic/a_232bf02f_256_m2.jpg, m2
data/fdata1/pic/a_232bf02f_257_m3.jpg, m3
data/fdata1/pic/a_232bf02f_258_m4.jpg, m4
data/fdata1/pic/a_232bf02f_259_m5.jpg, m5
data/fdata1/pic/a_232bf02f_260_rc.jpg, rc
data/fdata1/pic/a_232bf02f_261_ro.jpg, ro
data/fdata1/pic/a_232bf02f_262_rq.jpg, rq
data/fdata1/pic/a_232bf02f_263_rw.jpg, rw
data/fdata1/pic/a_232bf02f_264_re.jpg, re
data/fdata1/pic/a_232bf02f_265_r1.jpg, r1
data/fdata1/pic/a_232bf02f_266_r2.jpg, r2
data/fdata1/pic/a_232bf02f_267_r3.jpg, r3
data/fdata1/pic/a_232bf02f_268_r4.jpg, r4
data/fdata1/pic/a_232bf02f_269_r5.jpg, r5
data/fdata1/pic/a_232bf02f_270_lc.jpg, lc
data/fdata1/pic/a_232bf02f_271_lo.jpg, lo
data/fdata1/pic/a_232bf02f_272_lq.jpg, lq
data/fdata1/pic/a_232bf02f_273_lw.jpg, lw
data/fdata1/pic/a_232bf02f_274_le.jpg, le
data/fdata1/pic/a_232bf02f_275_l1.jpg, l1
data/fdata1/pic/a_232bf02f_276_l2.jpg, l2
data/fdata1/pic/a_232bf02f_277_l3.jpg, l3
data/fdata1/pic/a_232bf02f_278_l4.jpg, l4
data/fdata1/pic/a_232bf02f_279_l5.jpg, l5
data/fdata1/pic/a_232bf02f_280_mc.jpg, mc
data/fdata1/pic/a_232bf02f_281_mo.jpg, mo
data/fdata1/pic/a_232bf02f_282_mq.jpg, mq
data/fdata1/pic/a_232bf02f_283_mw.jpg, mw
data/fdata1/pic/a_232bf02f_284_me.jpg, me
data/fdata1/pic/a_232bf02f_285_m1.jpg, m1
data/fdata1/pic/a_232bf02f_286_m2.jpg, m2
data/fdata1/pic/a_232bf02f_287_m3.jpg, m3
data/fdata1/pic/a_232bf02f_288_m4.jpg, m4
data/fdata1/pic/a_232bf02f_289_m5.jpg, m5
data/fdata1/pic/a_232bf02f_290_rc.jpg, rc
data/fdata1/pic/a_232bf02f_291_ro.jpg, ro
data/fdata1/pic/a_232bf02f_292_rq.jpg, rq
data/fdata1/pic/a_232bf02f_293_rw.jpg, rw
data/fdata1/pic/a_232bf02f_294_re.jpg, re
data/fdata1/pic/a_232bf02f_295_r1.jpg, r1
data/fdata1/pic/a_232bf02f_296_r2.jpg, r2
data/fdata1/pic/a_232bf02f_297_r3.jpg, r3
data/fdata1/pic/a_232bf02f_298_r4.jpg, r4
data/fdata1/pic/a_232bf02f_299_r5.jpg, r5
data/fdata2/pic/a_4e7de01d_0_lc.jpg, lc
data/fdata2/pic/a_4e7de01d_1_lo.jpg, lo
data/fdata2/pic/a_4e7de01d_2_lq.jpg, lq
data/fdata2/pic/a_4e7de01d_3_lw.jpg, lw
data/fdata2/pic/a_4e7de01d_4_le.jpg, le
data/fdata2/pic/a_4e7de01d_5_l1.jpg, l1
data/fdata2/pic/a_4e7de01d_6_l2.jpg, l2
data/fdata2/pic/a_4e7de01d_7_l3.jpg, l3
data/fdata2/pic/a_4e7de01d_8_l4.jpg, l4
data/fdata2/pic/a_4e7de01d_9_l5.jpg, l5
data/fdata2/pic/a_4e7de01d_10_mc.jpg, mc
data/fdata2/pic/a_4e7de01d_11_mo.jpg, mo
data/fdata2/pic/a_4e7de01d_12_mq.jpg, mq
data/fdata2/pic/a_4e7de01d_13_mw.jpg, mw
data/fdata2/pic/a_4e7de01d_14_me.jpg, me
data/fdata2/pic/a_4e7de01d_15_m1.jpg, m1
data/fdata2/pic/a_4e7de01d_16_m2.jpg, m2
data/fdata2/pic/a_4e7de01d_17_m3.jpg, m3
data/fdata2/pic/a_4e7de01d_18_m4.jpg, m4
data/fdata2/pic/a_4e7de01d_19_m5.jpg, m5
data/fdata2/pic/a_4e7de01d_20_rc.jpg, rc
data/fdata2/pic/a_4e7de01d_21_ro.jpg, ro
data/fdata2/pic/a_4e7de01d_22_rq.jpg, rq
data/fdata2/pic/a_4e7de01d_23_rw.jpg, rw
data/fdata2/pic/a_4e7de01d_24_re.jpg, re
data/fdata2/pic/a_4e7de01d_25_r1.jpg, r1
data/fdata2/pic/a_4e7de01d_26_r2.jpg, r2
data/fdata2/pic/a_4e7de01d_27_r3.jpg, r3
data/fdata2/pic/a_4e7de01d_28_r4.jpg, r4
data/fdata2/pic/a_4e7de01d_29_r5.jpg, r5
data/fdata2/pic/a_4e7de01d_30_lc.jpg, lc
data/fdata2/pic/a_4e7de01d_31_lo.jpg, lo
data/fdata2/pic/a_4e7de01d_32_lq.jpg, lq
data/fdata2/pic/a_4e7de01d_33_lw.jpg, lw
data/fdata2/pic/a_4e7de01d_34_le.jpg, le
data/fdata2/pic/a_4e7de01d_35_l1.jpg, l1
data/fdata2/pic/a_4e7de01d_36_l2.jpg, l2
data/fdata2/pic/a_4e7de01d_37_l3.jpg, l3
data/fdata2/pic/a_4e7de01d_38_l4.jpg, l4
data/fdata2/pic/a_4e7de01d_39_l5.jpg, l5
data/fdata2/pic/a_4e7de01d_40_mc.jpg, mc
data/fdata2/pic/a_4e7de01d_41_mo.jpg, mo
data/fdata2/pic/a_4e7de01d_42_mq.jpg, mq
data/fdata2/pic/a_4e7de01d_43_mw.jpg, mw
data/fdata2/pic/a_4e7de01d_44_me.jpg, me
data/fdata2/pic/a_4e7de01d_45_m1.jpg, m1
data/fdata2/pic/a_4e7de01d_46_m2.jpg, m2
data/fdata2/pic/a_4e7de01d_47_m3.jpg, m3
data/fdata2/pic/a_4e7de01d_48_m4.jpg, m4
data/fdata2/pic/a_4e7de01d_49_m5.jpg, m5
data/fdata2/pic/a_4e7de01d_50_rc.jpg, rc
data/fdata2/pic/a_4e7de01d_51_ro.jpg, ro
data/fdata2/pic/a_4e7de01d_52_rq.jpg, rq
data/fdata2/pic/a_4e7de01d_53_rw.jpg, rw
data/fdata2/pic/a_4e7de01d_54_re.jpg, re
data/fdata2/pic/a_4e7de01d_55_r1.jpg, r1
data/fdata2/pic/a_4e7de01d_56_r2.jpg, r2
data/fdata2/pic/a_4e7de01d_57_r3.jpg, r3
data/fdata2/pic/a_4e7de01d_58_r4.jpg, r4
data/fdata2/pic/a_4e7de01d_59_r5.jpg, r5
data/fdata2/pic/a_4e7de01d_60_lc.jpg, lc
data/fdata2/pic/a_4e7de01d_61_lo.jpg, lo
data/fdata2/pic/a_4e7de01d_62_lq.jpg, lq
data/fdata2/pic/a_4e7de01d_63_lw.jpg, lw
data/fdata2/pic/a_4e7de01d_64_le.jpg, le
data/fdata2/pic/a_4e7de01d_65_l1.jpg, l1
data/fdata2/pic/a_4e7de01d_66_l2.jpg, l2
data/fdata2/pic/a_4e7de01d_67_l3.jpg, l3
data/fdata2/pic/a_4e7de01d_68_l4.jpg, l4
data/fdata2/pic/a_4e7de01d_69_l5.jpg, l5
data/fdata2/pic/a_4e7de01d_70_mc.jpg, mc
data/fdata2/pic/a_4e7de01d_71_mo.jpg, mo
data/fdata2/pic/a_4e7de01d_72_mq.jpg, mq
data/fdata2/pic/a_4e7de01d_73_mw.jpg, mw
data/fdata2/pic/a_4e7de01d_74_me.jpg, me
data/fdata2/pic/a_4e7de01d_75_m1.jpg, m1
data/fdata2/pic/a_4e7de01d_76_m2.jpg, m2
data/fdata2/pic/a_4e7de01d_77_m3.jpg, m3
data/fdata2/pic/a_4e7de01d_78_m4.jpg, m4
data/fdata2/pic/a_4e7de01d_79_m5.jpg, m5
data/fdata2/pic/a_4e7de01d_80_rc.jpg, rc
data/fdata2/pic/a_4e7de01d_81_ro.jpg, ro
data/fdata2/pic/a_4e7de01d_82_rq.jpg, rq
data/fdata2/pic/a_4e7de01d_83_rw.jpg, rw
data/fdata2/pic/a_4e7de01d_84_re.jpg, re
data/fdata2/pic/a_4e7de01d_85_r1.jpg, r1
data/fdata2/pic/a_4e7de01d_86_r2.jpg, r2
data/fdata2/pic/a_4e7de01d_87_r3.jpg, r3
data/fdata2/pic/a_4e7de01d_88_r4.jpg, r4
data/fdata2/pic/a_4e7de01d_89_r5.jpg, r5
data/fdata2/pic/a_4e7de01d_90_lc.jpg, lc
data/fdata2/pic/a_4e7de01d_91_lo.jpg, lo
data/fdata2/pic/a_4e7de01d_92_lq.jpg, lq
data/fdata2/pic/a_4e7de01d_93_lw.jpg, lw
data/fdata2/pic/a_4e7de01d_94_le.jpg, le
data/fdata2/pic/a_4e7de01d_95_l1.jpg, l1
data/fdata2/pic/a_4e7de01d_96_l2.jpg, l2
data/fdata2/pic/a_4e7de01d_97_l3.jpg, l3
data/fdata2/pic/a_4e7de01d_98_l4.jpg, l4
data/fdata2/pic/a_4e7de01d_99_l5.jpg, l5
data/fdata2/pic/a_4e7de01d_100_mc.jpg, mc
data/fdata2/pic/a_4e7de01d_101_mo.jpg, mo
data/fdata2/pic/a_4e7de01d_102_mq.jpg, mq
data/fdata2/pic/a_4e7de01d_103_mw.jpg, mw
data/fdata2/pic/a_4e7de01d_104_me.jpg, me
data/fdata2/pic/a_4e7de01d_105_m1.jpg, m1
data/fdata2/pic/a_4e7de01d_106_m2.jpg, m2
data/fdata2/pic/a_4e7de01d_107_m3.jpg, m3
data/fdata2/pic/a_4e7de01d_108_m4.jpg, m4
data/fdata2/pic/a_4e7de01d_109_m5.jpg, m5
data/fdata2/pic/a_4e7de01d_110_rc.jpg, rc
data/fdata2/pic/a_4e7de01d_111_ro.jpg, ro
data/fdata2/pic/a_4e7de01d_112_rq.jpg, rq
data/fdata2/pic/a_4e7de01d_113_rw.jpg, rw
data/fdata2/pic/a_4e7de01d_114_re.jpg, re
data/fdata2/pic/a_4e7de01d_115_r1.jpg, r1
data/fdata2/pic/a_4e7de01d_116_r2.jpg, r2
data/fdata2/pic/a_4e7de01d_117_r3.jpg, r3
data/fdata2/pic/a_4e7de01d_118_r4.jpg, r4
data/fdata2/pic/a_4e7de01d_119_r5.jpg, r5
data/fdata2/pic/a_4e7de01d_120_lc.jpg, lc
data/fdata2/pic/a_4e7de01d_121_lo.jpg, lo
data/fdata2/pic/a_4e7de01d_122_lq.jpg, lq
data/fdata2/pic/a_4e7de01d_123_lw.jpg, lw
data/fdata2/pic/a_4e7de01d_124_le.jpg, le
data/fdata2/pic/a_4e7de01d_125_l1.jpg, l1
data/fdata2/pic/a_4e7de01d_126_l2.jpg, l2
data/fdata2/pic/a_4e7de01d_127_l3.jpg, l3
data/fdata2/pic/a_4e7de01d_128_l4.jpg, l4
data/fdata2/pic/a_4e7de01d_129_l5.jpg, l5
data/fdata2/pic/a_4e7de01d_130_mc.jpg, mc
data/fdata2/pic/a_4e7de01d_131_mo.jpg, mo
data/fdata2/pic/a_4e7de01d_132_mq.jpg, mq
data/fdata2/pic/a_4e7de01d_133_mw.jpg, mw
data/fdata2/pic/a_4e7de01d_134_me.jpg, me
data/fdata2/pic/a_4e7de01d_135_m1.jpg, m1
data/fdata2/pic/a_4e7de01d_136_m2.jpg, m2
data/fdata2/pic/a_4e7de01d_137_m3.jpg, m3
data/fdata2/pic/a_4e7de01d_138_m4.jpg, m4
data/fdata2/pic/a_4e7de01d_139_m5.jpg, m5
data/fdata2/pic/a_4e7de01d_140_rc.jpg, rc
data/fdata2/pic/a_4e7de01d_141_ro.jpg, ro
data/fdata2/pic/a_4e7de01d_142_rq.jpg, rq
data/fdata2/pic/a_4e7de01d_143_rw.jpg, rw
data/fdata2/pic/a_4e7de01d_144_re.jpg, re
data/fdata2/pic/a_4e7de01d_145_r1.jpg, r1
data/fdata2/pic/a_4e7de01d_146_r2.jpg, r2
data/fdata2/pic/a_4e7de01d_147_r3.jpg, r3
data/fdata2/pic/a_4e7de01d_148_r4.jpg, r4
data/fdata2/pic/a_4e7de01d_149_r5.jpg, r5
data/fdata2/pic/a_4e7de01d_150_lc.jpg, lc
data/fdata2/pic/a_4e7de01d_151_lo.jpg, lo
data/fdata2/pic/a_4e7de01d_152_lq.jpg, lq
data/fdata2/pic/a_4e7de01d_153_lw.jpg, lw
data/fdata2/pic/a_4e7de01d_154_le.jpg, le
data/fdata2/pic/a_4e7de01d_155_l1.jpg, l1
data/fdata2/pic/a_4e7de01d_156_l2.jpg, l2
data/fdata2/pic/a_4e7de01d_157_l3.jpg, l3
data/fdata2/pic/a_4e7de01d_158_l4.jpg, l4
data/fdata2/pic/a_4e7de01d_159_l5.jpg, l5
data/fdata2/pic/a_4e7de01d_160_mc.jpg, mc
data/fdata2/pic/a_4e7de01d_161_mo.jpg, mo
data/fdata2/pic/a_4e7de01d_162_mq.jpg, mq
data/fdata2/pic/a_4e7de01d_163_mw.jpg, mw
data/fdata2/pic/a_4e7de01d_164_me.jpg, me
data/fdata2/pic/a_4e7de01d_165_m1.jpg, m1
data/fdata2/pic/a_4e7de01d_166_m2.jpg, m2
data/fdata2/pic/a_4e7de01d_167_m3.jpg, m3
data/fdata2/pic/a_4e7de01d_168_m4.jpg, m4
data/fdata2/pic/a_4e7de01d_169_m5.jpg, m5
data/fdata2/pic/a_4e7de01d_170_rc.jpg, rc
data/fdata2/pic/a_4e7de01d_171_ro.jpg, ro
data/fdata2/pic/a_4e7de01d_172_rq.jpg, rq
data/fdata2/pic/a_4e7de01d_173_rw.jpg, rw
data/fdata2/pic/a_4e7de01d_174_re.jpg, re
data/fdata2/pic/a_4e7de01d_175_r1.jpg, r1
data/fdata2/pic/a_4e7de01d_176_r2.jpg, r2
data/fdata2/pic/a_4e7de01d_177_r3.jpg, r3
data/fdata2/pic/a_4e7de01d_178_r4.jpg, r4
data/fdata2/pic/a_4e7de01d_179_r5.jpg, r5
data/fdata2/pic/a_4e7de01d_180_lc.jpg, lc
data/fdata2/pic/a_4e7de01d_181_lo.jpg, lo
data/fdata2/pic/a_4e7de01d_182_lq.jpg, lq
data/fdata2/pic/a_4e7de01d_183_lw.jpg, lw
data/fdata2/pic/a_4e7de01d_184_le.jpg, le
data/fdata2/pic/a_4e7de01d_185_l1.jpg, l1
data/fdata2/pic/a_4e7de01d_186_l2.jpg, l2
data/fdata2/pic/a_4e7de01d_187_l3.jpg, l3
data/fdata2/pic/a_4e7de01d_188_l4.jpg, l4
data/fdata2/pic/a_4e7de01d_189_l5.jpg, l5
data/fdata2/pic/a_4e7de01d_190_mc.jpg, mc
data/fdata2/pic/a_4e7de01d_191_mo.jpg, mo
data/fdata2/pic/a_4e7de01d_192_mq.jpg, mq
data/fdata2/pic/a_4e7de01d_193_mw.jpg, mw
data/fdata2/pic/a_4e7de01d_194_me.jpg, me
data/fdata2/pic/a_4e7de01d_195_m1.jpg, m1
data/fdata2/pic/a_4e7de01d_196_m2.jpg, m2
data/fdata2/pic/a_4e7de01d_197_m3.jpg, m3
data/fdata2/pic/a_4e7de01d_198_m4.jpg, m4
data/fdata2/pic/a_4e7de01d_199_m5.jpg, m5
data/fdata2/pic/a_4e7de01d_200_rc.jpg, rc
data/fdata2/pic/a_4e7de01d_201_ro.jpg, ro
data/fdata2/pic/a_4e7de01d_202_rq.jpg, rq
data/fdata2/pic/a_4e7de01d_203_rw.jpg, rw
data/fdata2/pic/a_4e7de01d_204_re.jpg, re
data/fdata2/pic/a_4e7de01d_205_r1.jpg, r1
data/fdata2/pic/a_4e7de01d_206_r2.jpg, r2
data/fdata2/pic/a_4e7de01d_207_r3.jpg, r3
data/fdata2/pic/a_4e7de01d_208_r4.jpg, r4
data/fdata2/pic/a_4e7de01d_209_r5.jpg, r5
data/fdata2/pic/a_4e7de01d_210_lc.jpg, lc
data/fdata2/pic/a_4e7de01d_211_lo.jpg, lo
data/fdata2/pic/a_4e7de01d_212_lq.jpg, lq
data/fdata2/pic/a_4e7de01d_213_lw.jpg, lw
data/fdata2/pic/a_4e7de01d_214_le.jpg, le
data/fdata2/pic/a_4e7de01d_215_l1.jpg, l1
data/fdata2/pic/a_4e7de01d_216_l2.jpg, l2
data/fdata2/pic/a_4e7de01d_217_l3.jpg, l3
data/fdata2/pic/a_4e7de01d_218_l4.jpg, l4
data/fdata2/pic/a_4e7de01d_219_l5.jpg, l5
data/fdata2/pic/a_4e7de01d_220_mc.jpg, mc
data/fdata2/pic/a_4e7de01d_221_mo.jpg, mo
data/fdata2/pic/a_4e7de01d_222_mq.jpg, mq
data/fdata2/pic/a_4e7de01d_223_mw.jpg, mw
data/fdata2/pic/a_4e7de01d_224_me.jpg, me
data/fdata2/pic/a_4e7de01d_225_m1.jpg, m1
data/fdata2/pic/a_4e7de01d_226_m2.jpg, m2
data/fdata2/pic/a_4e7de01d_227_m3.jpg, m3
data/fdata2/pic/a_4e7de01d_228_m4.jpg, m4
data/fdata2/pic/a_4e7de01d_229_m5.jpg, m5
data/fdata2/pic/a_4e7de01d_230_rc.jpg, rc
data/fdata2/pic/a_4e7de01d_231_ro.jpg, ro
data/fdata2/pic/a_4e7de01d_232_rq.jpg, rq
data/fdata2/pic/a_4e7de01d_233_rw.jpg, rw
data/fdata2/pic/a_4e7de01d_234_re.jpg, re
data/fdata2/pic/a_4e7de01d_235_r1.jpg, r1
data/fdata2/pic/a_4e7de01d_236_r2.jpg, r2
data/fdata2/pic/a_4e7de01d_237_r3.jpg, r3
data/fdata2/pic/a_4e7de01d_238_r4.jpg, r4
data/fdata2/pic/a_4e7de01d_239_r5.jpg, r5
data/fdata2/pic/a_4e7de01d_240_lc.jpg, lc
data/fdata2/pic/a_4e7de01d_241_lo.jpg, lo
data/fdata2/pic/a_4e7de01d_242_lq.jpg, lq
data/fdata2/pic/a_4e7de01d_243_lw.jpg, lw
data/fdata2/pic/a_4e7de01d_244_le.jpg, le
data/fdata2/pic/a_4e7de01d_245_l1.jpg, l1
data/fdata2/pic/a_4e7de01d_246_l2.jpg, l2
data/fdata2/pic/a_4e7de01d_247_l3.jpg, l3
data/fdata2/pic/a_4e7de01d_248_l4.jpg, l4
data/fdata2/pic/a_4e7de01d_249_l5.jpg, l5
data/fdata2/pic/a_4e7de01d_250_mc.jpg, mc
data/fdata2/pic/a_4e7de01d_251_mo.jpg, mo
data/fdata2/pic/a_4e7de01d_252_mq.jpg, mq
data/fdata2/pic/a_4e7de01d_253_mw.jpg, mw
data/fdata2/pic/a_4e7de01d_254_me.jpg, me
data/fdata2/pic/a_4e7de01d_255_m1.jpg, m1
data/fdata2/pic/a_4e7de01d_256_m2.jpg, m2
data/fdata2/pic/a_4e7de01d_257_m3.jpg, m3
data/fdata2/pic/a_4e7de01d_258_m4.jpg, m4
data/fdata2/pic/a_4e7de01d_259_m5.jpg, m5
data/fdata2/pic/a_4e7de01d_260_rc.jpg, rc
data/fdata2/pic/a_4e7de01d_261_ro.jpg, ro
data/fdata2/pic/a_4e7de01d_262_rq.jpg, rq
data/fdata2/pic/a_4e7de01d_263_rw.jpg, rw
data/fdata2/pic/a_4e7de01d_264_re.jpg, re
data/fdata2/pic/a_4e7de01d_265_r1.jpg, r1
data/fdata2/pic/a_4e7de01d_266_r2.jpg, r2
data/fdata2/pic/a_4e7de01d_267_r3.jpg, r3
data/fdata2/pic/a_4e7de01d_268_r4.jpg, r4
data/fdata2/pic/a_4e7de01d_269_r5.jpg, r5
data/fdata2/pic/a_4e7de01d_270_lc.jpg, lc
data/fdata2/pic/a_4e7de01d_271_lo.jpg, lo
data/fdata2/pic/a_4e7de01d_272_lq.jpg, lq
data/fdata2/pic/a_4e7de01d_273_lw.jpg, lw
data/fdata2/pic/a_4e7de01d_274_le.jpg, le
data/fdata2/pic/a_4e7de01d_275_l1.jpg, l1
data/fdata2/pic/a_4e7de01d_276_l2.jpg, l2
data/fdata2/pic/a_4e7de01d_277_l3.jpg, l3
data/fdata2/pic/a_4e7de01d_278_l4.jpg, l4
data/fdata2/pic/a_4e7de01d_279_l5.jpg, l5
data/fdata2/pic/a_4e7de01d_280_mc.jpg, mc
data/fdata2/pic/a_4e7de01d_281_mo.jpg, mo
data/fdata2/pic/a_4e7de01d_282_mq.jpg, mq
data/fdata2/pic/a_4e7de01d_283_mw.jpg, mw
data/fdata2/pic/a_4e7de01d_284_me.jpg, me
data/fdata2/pic/a_4e7de01d_285_m1.jpg, m1
data/fdata2/pic/a_4e7de01d_286_m2.jpg, m2
data/fdata2/pic/a_4e7de01d_287_m3.jpg, m3
data/fdata2/pic/a_4e7de01d_288_m4.jpg, m4
data/fdata2/pic/a_4e7de01d_289_m5.jpg, m5
data/fdata2/pic/a_4e7de01d_290_rc.jpg, rc
data/fdata2/pic/a_4e7de01d_291_ro.jpg, ro
data/fdata2/pic/a_4e7de01d_292_rq.jpg, rq
data/fdata2/pic/a_4e7de01d_293_rw.jpg, rw
data/fdata2/pic/a_4e7de01d_294_re.jpg, re
data/fdata2/pic/a_4e7de01d_295_r1.jpg, r1
data/fdata2/pic/a_4e7de01d_296_r2.jpg, r2
data/fdata2/pic/a_4e7de01d_297_r3.jpg, r3
data/fdata2/pic/a_4e7de01d_298_r4.jpg, r4
data/fdata2/pic/a_4e7de01d_299_r5.jpg, r5
data/fdata2/pic/a_4e7de01d_300_lc.jpg, lc
data/fdata2/pic/a_4e7de01d_301_lo.jpg, lo
data/fdata2/pic/a_4e7de01d_302_lq.jpg, lq
data/fdata2/pic/a_4e7de01d_303_lw.jpg, lw
data/fdata2/pic/a_4e7de01d_304_le.jpg, le
data/fdata2/pic/a_4e7de01d_305_l1.jpg, l1
data/fdata2/pic/a_4e7de01d_306_l2.jpg, l2
data/fdata2/pic/a_4e7de01d_307_l3.jpg, l3
data/fdata2/pic/a_4e7de01d_308_l4.jpg, l4
data/fdata2/pic/a_4e7de01d_309_l5.jpg, l5
data/fdata2/pic/a_4e7de01d_310_mc.jpg, mc
data/fdata2/pic/a_4e7de01d_311_mo.jpg, mo
data/fdata2/pic/a_4e7de01d_312_mq.jpg, mq
data/fdata2/pic/a_4e7de01d_313_mw.jpg, mw
data/fdata2/pic/a_4e7de01d_314_me.jpg, me
data/fdata2/pic/a_4e7de01d_315_m1.jpg, m1
data/fdata2/pic/a_4e7de01d_316_m2.jpg, m2
data/fdata2/pic/a_4e7de01d_317_m3.jpg, m3
data/fdata2/pic/a_4e7de01d_318_m4.jpg, m4
data/fdata2/pic/a_4e7de01d_319_m5.jpg, m5
data/fdata2/pic/a_4e7de01d_320_rc.jpg, rc
data/fdata2/pic/a_4e7de01d_321_ro.jpg, ro
data/fdata2/pic/a_4e7de01d_322_rq.jpg, rq
data/fdata2/pic/a_4e7de01d_323_rw.jpg, rw
data/fdata2/pic/a_4e7de01d_324_re.jpg, re
data/fdata2/pic/a_4e7de01d_325_r1.jpg, r1
data/fdata2/pic/a_4e7de01d_326_r2.jpg, r2
data/fdata2/pic/a_4e7de01d_327_r3.jpg, r3
data/fdata2/pic/a_4e7de01d_328_r4.jpg, r4
data/fdata2/pic/a_4e7de01d_329_r5.jpg, r5
data/fdata2/pic/a_4e7de01d_330_lc.jpg, lc
data/fdata2/pic/a_4e7de01d_331_lo.jpg, lo
data/fdata2/pic/a_4e7de01d_332_lq.jpg, lq
data/fdata2/pic/a_4e7de01d_333_lw.jpg, lw
data/fdata2/pic/a_4e7de01d_334_le.jpg, le
data/fdata2/pic/a_4e7de01d_335_l1.jpg, l1
data/fdata2/pic/a_4e7de01d_336_l2.jpg, l2
data/fdata2/pic/a_4e7de01d_337_l3.jpg, l3
data/fdata2/pic/a_4e7de01d_338_l4.jpg, l4
data/fdata2/pic/a_4e7de01d_339_l5.jpg, l5
data/fdata2/pic/a_4e7de01d_340_mc.jpg, mc
data/fdata2/pic/a_4e7de01d_341_mo.jpg, mo
data/fdata2/pic/a_4e7de01d_342_mq.jpg, mq
data/fdata2/pic/a_4e7de01d_343_mw.jpg, mw
data/fdata2/pic/a_4e7de01d_344_me.jpg, me
data/fdata2/pic/a_4e7de01d_345_m1.jpg, m1
data/fdata2/pic/a_4e7de01d_346_m2.jpg, m2
data/fdata2/pic/a_4e7de01d_347_m3.jpg, m3
data/fdata2/pic/a_4e7de01d_348_m4.jpg, m4
data/fdata2/pic/a_4e7de01d_349_m5.jpg, m5
data/fdata2/pic/a_4e7de01d_350_rc.jpg, rc
data/fdata2/pic/a_4e7de01d_351_ro.jpg, ro
data/fdata2/pic/a_4e7de01d_352_rq.jpg, rq
data/fdata2/pic/a_4e7de01d_353_rw.jpg, rw
data/fdata2/pic/a_4e7de01d_354_re.jpg, re
data/fdata2/pic/a_4e7de01d_355_r1.jpg, r1
data/fdata2/pic/a_4e7de01d_356_r2.jpg, r2
data/fdata2/pic/a_4e7de01d_357_r3.jpg, r3
data/fdata2/pic/a_4e7de01d_358_r4.jpg, r4
data/fdata2/pic/a_4e7de01d_359_r5.jpg, r5
data/fdata2/pic/a_4e7de01d_360_lc.jpg, lc
data/fdata2/pic/a_4e7de01d_361_lo.jpg, lo
data/fdata2/pic/a_4e7de01d_362_lq.jpg, lq
data/fdata2/pic/a_4e7de01d_363_lw.jpg, lw
data/fdata2/pic/a_4e7de01d_364_le.jpg, le
data/fdata2/pic/a_4e7de01d_365_l1.jpg, l1
data/fdata2/pic/a_4e7de01d_366_l2.jpg, l2
data/fdata2/pic/a_4e7de01d_367_l3.jpg, l3
data/fdata2/pic/a_4e7de01d_368_l4.jpg, l4
data/fdata2/pic/a_4e7de01d_369_l5.jpg, l5
data/fdata2/pic/a_4e7de01d_370_mc.jpg, mc
data/fdata2/pic/a_4e7de01d_371_mo.jpg, mo
data/fdata2/pic/a_4e7de01d_372_mq.jpg, mq
data/fdata2/pic/a_4e7de01d_373_mw.jpg, mw
data/fdata2/pic/a_4e7de01d_374_me.jpg, me
data/fdata2/pic/a_4e7de01d_375_m1.jpg, m1
data/fdata2/pic/a_4e7de01d_376_m2.jpg, m2
data/fdata2/pic/a_4e7de01d_377_m3.jpg, m3
data/fdata2/pic/a_4e7de01d_378_m4.jpg, m4
data/fdata2/pic/a_4e7de01d_379_m5.jpg, m5
data/fdata2/pic/a_4e7de01d_380_rc.jpg, rc
data/fdata2/pic/a_4e7de01d_381_ro.jpg, ro
data/fdata2/pic/a_4e7de01d_382_rq.jpg, rq
data/fdata2/pic/a_4e7de01d_383_rw.jpg, rw
data/fdata2/pic/a_4e7de01d_384_re.jpg, re
data/fdata2/pic/a_4e7de01d_385_r1.jpg, r1
data/fdata2/pic/a_4e7de01d_386_r2.jpg, r2
data/fdata2/pic/a_4e7de01d_387_r3.jpg, r3
data/fdata2/pic/a_4e7de01d_388_r4.jpg, r4
data/fdata2/pic/a_4e7de01d_389_r5.jpg, r5
data/fdata2/pic/a_4e7de01d_390_lc.jpg, lc
data/fdata2/pic/a_4e7de01d_391_lo.jpg, lo
data/fdata2/pic/a_4e7de01d_392_lq.jpg, lq
data/fdata2/pic/a_4e7de01d_393_lw.jpg, lw
data/fdata2/pic/a_4e7de01d_394_le.jpg, le
data/fdata2/pic/a_4e7de01d_395_l1.jpg, l1
data/fdata2/pic/a_4e7de01d_396_l2.jpg, l2
data/fdata2/pic/a_4e7de01d_397_l3.jpg, l3
data/fdata2/pic/a_4e7de01d_398_l4.jpg, l4
data/fdata2/pic/a_4e7de01d_399_l5.jpg, l5
data/fdata2/pic/a_4e7de01d_400_mc.jpg, mc
data/fdata2/pic/a_4e7de01d_401_mo.jpg, mo
data/fdata2/pic/a_4e7de01d_402_mq.jpg, mq
data/fdata2/pic/a_4e7de01d_403_mw.jpg, mw
data/fdata2/pic/a_4e7de01d_404_me.jpg, me
data/fdata2/pic/a_4e7de01d_405_m1.jpg, m1
data/fdata2/pic/a_4e7de01d_406_m2.jpg, m2
data/fdata2/pic/a_4e7de01d_407_m3.jpg, m3
data/fdata2/pic/a_4e7de01d_408_m4.jpg, m4
data/fdata2/pic/a_4e7de01d_409_m5.jpg, m5
data/fdata2/pic/a_4e7de01d_410_rc.jpg, rc
data/fdata2/pic/a_4e7de01d_411_ro.jpg, ro
data/fdata2/pic/a_4e7de01d_412_rq.jpg, rq
data/fdata2/pic/a_4e7de01d_413_rw.jpg, rw
data/fdata2/pic/a_4e7de01d_414_re.jpg, re
data/fdata2/pic/a_4e7de01d_415_r1.jpg, r1
data/fdata2/pic/a_4e7de01d_416_r2.jpg, r2
data/fdata2/pic/a_4e7de01d_417_r3.jpg, r3
data/fdata2/pic/a_4e7de01d_418_r4.jpg, r4
data/fdata2/pic/a_4e7de01d_419_r5.jpg, r5
data/fdata2/pic/a_4e7de01d_420_lc.jpg, lc
data/fdata2/pic/a_4e7de01d_421_lo.jpg, lo
data/fdata2/pic/a_4e7de01d_422_lq.jpg, lq
data/fdata2/pic/a_4e7de01d_423_lw.jpg, lw
data/fdata2/pic/a_4e7de01d_424_le.jpg, le
data/fdata2/pic/a_4e7de01d_425_l1.jpg, l1
data/fdata2/pic/a_4e7de01d_426_l2.jpg, l2
data/fdata2/pic/a_4e7de01d_427_l3.jpg, l3
data/fdata2/pic/a_4e7de01d_428_l4.jpg, l4
data/fdata2/pic/a_4e7de01d_429_l5.jpg, l5
data/fdata2/pic/a_4e7de01d_430_mc.jpg, mc
data/fdata2/pic/a_4e7de01d_431_mo.jpg, mo
data/fdata2/pic/a_4e7de01d_432_mq.jpg, mq
data/fdata2/pic/a_4e7de01d_433_mw.jpg, mw
data/fdata2/pic/a_4e7de01d_434_me.jpg, me
data/fdata2/pic/a_4e7de01d_435_m1.jpg, m1
data/fdata2/pic/a_4e7de01d_436_m2.jpg, m2
data/fdata2/pic/a_4e7de01d_437_m3.jpg, m3
data/fdata2/pic/a_4e7de01d_438_m4.jpg, m4
data/fdata2/pic/a_4e7de01d_439_m5.jpg, m5
data/fdata2/pic/a_4e7de01d_440_rc.jpg, rc
data/fdata2/pic/a_4e7de01d_441_ro.jpg, ro
data/fdata2/pic/a_4e7de01d_442_rq.jpg, rq
data/fdata2/pic/a_4e7de01d_443_rw.jpg, rw
data/fdata2/pic/a_4e7de01d_444_re.jpg, re
data/fdata2/pic/a_4e7de01d_445_r1.jpg, r1
data/fdata2/pic/a_4e7de01d_446_r2.jpg, r2
data/fdata2/pic/a_4e7de01d_447_r3.jpg, r3
data/fdata2/pic/a_4e7de01d_448_r4.jpg, r4
data/fdata2/pic/a_4e7de01d_449_r5.jpg, r5
data/fdata2/pic/a_4e7de01d_450_lc.jpg, lc
data/fdata2/pic/a_4e7de01d_451_lo.jpg, lo
data/fdata2/pic/a_4e7de01d_452_lq.jpg, lq
data/fdata2/pic/a_4e7de01d_453_lw.jpg, lw
data/fdata2/pic/a_4e7de01d_454_le.jpg, le
data/fdata2/pic/a_4e7de01d_455_l1.jpg, l1
data/fdata2/pic/a_4e7de01d_456_l2.jpg, l2
data/fdata2/pic/a_4e7de01d_457_l3.jpg, l3
data/fdata2/pic/a_4e7de01d_458_l4.jpg, l4
data/fdata2/pic/a_4e7de01d_459_l5.jpg, l5
data/fdata2/pic/a_4e7de01d_460_mc.jpg, mc
data/fdata2/pic/a_4e7de01d_461_mo.jpg, mo
data/fdata2/pic/a_4e7de01d_462_mq.jpg, mq
data/fdata2/pic/a_4e7de01d_463_mw.jpg, mw
data/fdata2/pic/a_4e7de01d_464_me.jpg, me
data/fdata2/pic/a_4e7de01d_465_m1.jpg, m1
data/fdata2/pic/a_4e7de01d_466_m2.jpg, m2
data/fdata2/pic/a_4e7de01d_467_m3.jpg, m3
data/fdata2/pic/a_4e7de01d_468_m4.jpg, m4
data/fdata2/pic/a_4e7de01d_469_m5.jpg, m5
data/fdata2/pic/a_4e7de01d_470_rc.jpg, rc
data/fdata2/pic/a_4e7de01d_471_ro.jpg, ro
data/fdata2/pic/a_4e7de01d_472_rq.jpg, rq
data/fdata2/pic/a_4e7de01d_473_rw.jpg, rw
data/fdata2/pic/a_4e7de01d_474_re.jpg, re
data/fdata2/pic/a_4e7de01d_475_r1.jpg, r1
data/fdata2/pic/a_4e7de01d_476_r2.jpg, r2
data/fdata2/pic/a_4e7de01d_477_r3.jpg, r3
data/fdata2/pic/a_4e7de01d_478_r4.jpg, r4
data/fdata2/pic/a_4e7de01d_479_r5.jpg, r5
data/fdata2/pic/a_4e7de01d_480_lc.jpg, lc
data/fdata2/pic/a_4e7de01d_481_lo.jpg, lo
data/fdata2/pic/a_4e7de01d_482_lq.jpg, lq
data/fdata2/pic/a_4e7de01d_483_lw.jpg, lw
data/fdata2/pic/a_4e7de01d_484_le.jpg, le
data/fdata2/pic/a_4e7de01d_485_l1.jpg, l1
data/fdata2/pic/a_4e7de01d_486_l2.jpg, l2
data/fdata2/pic/a_4e7de01d_487_l3.jpg, l3
data/fdata2/pic/a_4e7de01d_488_l4.jpg, l4
data/fdata2/pic/a_4e7de01d_489_l5.jpg, l5
data/fdata2/pic/a_4e7de01d_490_mc.jpg, mc
data/fdata2/pic/a_4e7de01d_491_mo.jpg, mo
data/fdata2/pic/a_4e7de01d_492_mq.jpg, mq
data/fdata2/pic/a_4e7de01d_493_mw.jpg, mw
data/fdata2/pic/a_4e7de01d_494_me.jpg, me
data/fdata2/pic/a_4e7de01d_495_m1.jpg, m1
data/fdata2/pic/a_4e7de01d_496_m2.jpg, m2
data/fdata2/pic/a_4e7de01d_497_m3.jpg, m3
data/fdata2/pic/a_4e7de01d_498_m4.jpg, m4
data/fdata2/pic/a_4e7de01d_499_m5.jpg, m5
data/fdata2/pic/a_4e7de01d_500_rc.jpg, rc
data/fdata2/pic/a_4e7de01d_501_ro.jpg, ro
data/fdata2/pic/a_4e7de01d_502_rq.jpg, rq
data/fdata2/pic/a_4e7de01d_503_rw.jpg, rw
data/fdata2/pic/a_4e7de01d_504_re.jpg, re
data/fdata2/pic/a_4e7de01d_505_r1.jpg, r1
data/fdata2/pic/a_4e7de01d_506_r2.jpg, r2
data/fdata2/pic/a_4e7de01d_507_r3.jpg, r3
data/fdata2/pic/a_4e7de01d_508_r4.jpg, r4
data/fdata2/pic/a_4e7de01d_509_r5.jpg, r5
data/fdata2/pic/a_4e7de01d_510_lc.jpg, lc
data/fdata2/pic/a_4e7de01d_511_lo.jpg, lo
data/fdata2/pic/a_4e7de01d_512_lq.jpg, lq
data/fdata2/pic/a_4e7de01d_513_lw.jpg, lw
data/fdata2/pic/a_4e7de01d_514_le.jpg, le
data/fdata2/pic/a_4e7de01d_515_l1.jpg, l1
data/fdata2/pic/a_4e7de01d_516_l2.jpg, l2
data/fdata2/pic/a_4e7de01d_517_l3.jpg, l3
data/fdata2/pic/a_4e7de01d_518_l4.jpg, l4
data/fdata2/pic/a_4e7de01d_519_l5.jpg, l5
data/fdata2/pic/a_4e7de01d_520_mc.jpg, mc
data/fdata2/pic/a_4e7de01d_521_mo.jpg, mo
data/fdata2/pic/a_4e7de01d_522_mq.jpg, mq
data/fdata2/pic/a_4e7de01d_523_mw.jpg, mw
data/fdata2/pic/a_4e7de01d_524_me.jpg, me
data/fdata2/pic/a_4e7de01d_525_m1.jpg, m1
data/fdata2/pic/a_4e7de01d_526_m2.jpg, m2
data/fdata2/pic/a_4e7de01d_527_m3.jpg, m3
data/fdata2/pic/a_4e7de01d_528_m4.jpg, m4
data/fdata2/pic/a_4e7de01d_529_m5.jpg, m5
data/fdata2/pic/a_4e7de01d_530_rc.jpg, rc
data/fdata2/pic/a_4e7de01d_531_ro.jpg, ro
data/fdata2/pic/a_4e7de01d_532_rq.jpg, rq
data/fdata2/pic/a_4e7de01d_533_rw.jpg, rw
data/fdata2/pic/a_4e7de01d_534_re.jpg, re
data/fdata2/pic/a_4e7de01d_535_r1.jpg, r1
data/fdata2/pic/a_4e7de01d_536_r2.jpg, r2
data/fdata2/pic/a_4e7de01d_537_r3.jpg, r3
data/fdata2/pic/a_4e7de01d_538_r4.jpg, r4
data/fdata2/pic/a_4e7de01d_539_r5.jpg, r5
data/fdata2/pic/a_4e7de01d_540_lc.jpg, lc
data/fdata2/pic/a_4e7de01d_541_lo.jpg, lo
data/fdata2/pic/a_4e7de01d_542_lq.jpg, lq
data/fdata2/pic/a_4e7de01d_543_lw.jpg, lw
data/fdata2/pic/a_4e7de01d_544_le.jpg, le
data/fdata2/pic/a_4e7de01d_545_l1.jpg, l1
data/fdata2/pic/a_4e7de01d_546_l2.jpg, l2
data/fdata2/pic/a_4e7de01d_547_l3.jpg, l3
data/fdata2/pic/a_4e7de01d_548_l4.jpg, l4
data/fdata2/pic/a_4e7de01d_549_l5.jpg, l5
data/fdata2/pic/a_4e7de01d_550_mc.jpg, mc
data/fdata2/pic/a_4e7de01d_551_mo.jpg, mo
data/fdata2/pic/a_4e7de01d_552_mq.jpg, mq
data/fdata2/pic/a_4e7de01d_553_mw.jpg, mw
data/fdata2/pic/a_4e7de01d_554_me.jpg, me
data/fdata2/pic/a_4e7de01d_555_m1.jpg, m1
data/fdata2/pic/a_4e7de01d_556_m2.jpg, m2
data/fdata2/pic/a_4e7de01d_557_m3.jpg, m3
data/fdata2/pic/a_4e7de01d_558_m4.jpg, m4
data/fdata2/pic/a_4e7de01d_559_m5.jpg, m5
data/fdata2/pic/a_4e7de01d_560_rc.jpg, rc
data/fdata2/pic/a_4e7de01d_561_ro.jpg, ro
data/fdata2/pic/a_4e7de01d_562_rq.jpg, rq
data/fdata2/pic/a_4e7de01d_563_rw.jpg, rw
data/fdata2/pic/a_4e7de01d_564_re.jpg, re
data/fdata2/pic/a_4e7de01d_565_r1.jpg, r1
data/fdata2/pic/a_4e7de01d_566_r2.jpg, r2
data/fdata2/pic/a_4e7de01d_567_r3.jpg, r3
data/fdata2/pic/a_4e7de01d_568_r4.jpg, r4
data/fdata2/pic/a_4e7de01d_569_r5.jpg, r5
data/fdata2/pic/a_4e7de01d_570_lc.jpg, lc
data/fdata2/pic/a_4e7de01d_571_lo.jpg, lo
data/fdata2/pic/a_4e7de01d_572_lq.jpg, lq
data/fdata2/pic/a_4e7de01d_573_lw.jpg, lw
data/fdata2/pic/a_4e7de01d_574_le.jpg, le
data/fdata2/pic/a_4e7de01d_575_l1.jpg, l1
data/fdata2/pic/a_4e7de01d_576_l2.jpg, l2
data/fdata2/pic/a_4e7de01d_577_l3.jpg, l3
data/fdata2/pic/a_4e7de01d_578_l4.jpg, l4
data/fdata2/pic/a_4e7de01d_579_l5.jpg, l5
data/fdata2/pic/a_4e7de01d_580_mc.jpg, mc
data/fdata2/pic/a_4e7de01d_581_mo.jpg, mo
data/fdata2/pic/a_4e7de01d_582_mq.jpg, mq
data/fdata2/pic/a_4e7de01d_583_mw.jpg, mw
data/fdata2/pic/a_4e7de01d_584_me.jpg, me
data/fdata2/pic/a_4e7de01d_585_m1.jpg, m1
data/fdata2/pic/a_4e7de01d_586_m2.jpg, m2
data/fdata2/pic/a_4e7de01d_587_m3.jpg, m3
data/fdata2/pic/a_4e7de01d_588_m4.jpg, m4
data/fdata2/pic/a_4e7de01d_589_m5.jpg, m5
data/fdata2/pic/a_4e7de01d_590_rc.jpg, rc
data/fdata2/pic/a_4e7de01d_591_ro.jpg, ro
data/fdata2/pic/a_4e7de01d_592_rq.jpg, rq
data/fdata2/pic/a_4e7de01d_593_rw.jpg, rw
data/fdata2/pic/a_4e7de01d_594_re.jpg, re
data/fdata2/pic/a_4e7de01d_595_r1.jpg, r1
data/fdata2/pic/a_4e7de01d_596_r2.jpg, r2
data/fdata2/pic/a_4e7de01d_597_r3.jpg, r3
data/fdata2/pic/a_4e7de01d_598_r4.jpg, r4
data/fdata2/pic/a_4e7de01d_599_r5.jpg, r5
data/fdata3/pic/a_d2ed9093_0_lc.jpg, lc
data/fdata3/pic/a_d2ed9093_1_lo.jpg, lo
data/fdata3/pic/a_d2ed9093_2_lq.jpg, lq
data/fdata3/pic/a_d2ed9093_3_lw.jpg, lw
data/fdata3/pic/a_d2ed9093_4_le.jpg, le
data/fdata3/pic/a_d2ed9093_5_l1.jpg, l1
data/fdata3/pic/a_d2ed9093_6_l2.jpg, l2
data/fdata3/pic/a_d2ed9093_7_l3.jpg, l3
data/fdata3/pic/a_d2ed9093_8_l4.jpg, l4
data/fdata3/pic/a_d2ed9093_9_l5.jpg, l5
data/fdata3/pic/a_d2ed9093_10_mc.jpg, mc
data/fdata3/pic/a_d2ed9093_11_mo.jpg, mo
data/fdata3/pic/a_d2ed9093_12_mq.jpg, mq
data/fdata3/pic/a_d2ed9093_13_mw.jpg, mw
data/fdata3/pic/a_d2ed9093_14_me.jpg, me
data/fdata3/pic/a_d2ed9093_15_m1.jpg, m1
data/fdata3/pic/a_d2ed9093_16_m2.jpg, m2
data/fdata3/pic/a_d2ed9093_17_m3.jpg, m3
data/fdata3/pic/a_d2ed9093_18_m4.jpg, m4
data/fdata3/pic/a_d2ed9093_19_m5.jpg, m5
data/fdata3/pic/a_d2ed9093_20_rc.jpg, rc
data/fdata3/pic/a_d2ed9093_21_ro.jpg, ro
data/fdata3/pic/a_d2ed9093_22_rq.jpg, rq
data/fdata3/pic/a_d2ed9093_23_rw.jpg, rw
data/fdata3/pic/a_d2ed9093_24_re.jpg, re
data/fdata3/pic/a_d2ed9093_25_r1.jpg, r1
data/fdata3/pic/a_d2ed9093_26_r2.jpg, r2
data/fdata3/pic/a_d2ed9093_27_r3.jpg, r3
data/fdata3/pic/a_d2ed9093_28_r4.jpg, r4
data/fdata3/pic/a_d2ed9093_29_r5.jpg, r5
data/fdata3/pic/a_d2ed9093_30_lc.jpg, lc
data/fdata3/pic/a_d2ed9093_31_lo.jpg, lo
data/fdata3/pic/a_d2ed9093_32_lq.jpg, lq
data/fdata3/pic/a_d2ed9093_33_lw.jpg, lw
data/fdata3/pic/a_d2ed9093_34_le.jpg, le
data/fdata3/pic/a_d2ed9093_35_l1.jpg, l1
data/fdata3/pic/a_d2ed9093_36_l2.jpg, l2
data/fdata3/pic/a_d2ed9093_37_l3.jpg, l3
data/fdata3/pic/a_d2ed9093_38_l4.jpg, l4
data/fdata3/pic/a_d2ed9093_39_l5.jpg, l5
data/fdata3/pic/a_d2ed9093_40_mc.jpg, mc
data/fdata3/pic/a_d2ed9093_41_mo.jpg, mo
data/fdata3/pic/a_d2ed9093_42_mq.jpg, mq
data/fdata3/pic/a_d2ed9093_43_mw.jpg, mw
data/fdata3/pic/a_d2ed9093_44_me.jpg, me
data/fdata3/pic/a_d2ed9093_45_m1.jpg, m1
data/fdata3/pic/a_d2ed9093_46_m2.jpg, m2
data/fdata3/pic/a_d2ed9093_47_m3.jpg, m3
data/fdata3/pic/a_d2ed9093_48_m4.jpg, m4
data/fdata3/pic/a_d2ed9093_49_m5.jpg, m5
data/fdata3/pic/a_d2ed9093_50_rc.jpg, rc
data/fdata3/pic/a_d2ed9093_51_ro.jpg, ro
data/fdata3/pic/a_d2ed9093_52_rq.jpg, rq
data/fdata3/pic/a_d2ed9093_53_rw.jpg, rw
data/fdata3/pic/a_d2ed9093_54_re.jpg, re
data/fdata3/pic/a_d2ed9093_55_r1.jpg, r1
data/fdata3/pic/a_d2ed9093_56_r2.jpg, r2
data/fdata3/pic/a_d2ed9093_57_r3.jpg, r3
data/fdata3/pic/a_d2ed9093_58_r4.jpg, r4
data/fdata3/pic/a_d2ed9093_59_r5.jpg, r5
data/fdata3/pic/a_d2ed9093_60_lc.jpg, lc
data/fdata3/pic/a_d2ed9093_61_lo.jpg, lo
data/fdata3/pic/a_d2ed9093_62_lq.jpg, lq
data/fdata3/pic/a_d2ed9093_63_lw.jpg, lw
data/fdata3/pic/a_d2ed9093_64_le.jpg, le
data/fdata3/pic/a_d2ed9093_65_l1.jpg, l1
data/fdata3/pic/a_d2ed9093_66_l2.jpg, l2
data/fdata3/pic/a_d2ed9093_67_l3.jpg, l3
data/fdata3/pic/a_d2ed9093_68_l4.jpg, l4
data/fdata3/pic/a_d2ed9093_69_l5.jpg, l5
data/fdata3/pic/a_d2ed9093_70_mc.jpg, mc
data/fdata3/pic/a_d2ed9093_71_mo.jpg, mo
data/fdata3/pic/a_d2ed9093_72_mq.jpg, mq
data/fdata3/pic/a_d2ed9093_73_mw.jpg, mw
data/fdata3/pic/a_d2ed9093_74_me.jpg, me
data/fdata3/pic/a_d2ed9093_75_m1.jpg, m1
data/fdata3/pic/a_d2ed9093_76_m2.jpg, m2
data/fdata3/pic/a_d2ed9093_77_m3.jpg, m3
data/fdata3/pic/a_d2ed9093_78_m4.jpg, m4
data/fdata3/pic/a_d2ed9093_79_m5.jpg, m5
data/fdata3/pic/a_d2ed9093_80_rc.jpg, rc
data/fdata3/pic/a_d2ed9093_81_ro.jpg, ro
data/fdata3/pic/a_d2ed9093_82_rq.jpg, rq
data/fdata3/pic/a_d2ed9093_83_rw.jpg, rw
data/fdata3/pic/a_d2ed9093_84_re.jpg, re
data/fdata3/pic/a_d2ed9093_85_r1.jpg, r1
data/fdata3/pic/a_d2ed9093_86_r2.jpg, r2
data/fdata3/pic/a_d2ed9093_87_r3.jpg, r3
data/fdata3/pic/a_d2ed9093_88_r4.jpg, r4
data/fdata3/pic/a_d2ed9093_89_r5.jpg, r5
data/fdata3/pic/a_d2ed9093_90_lc.jpg, lc
data/fdata3/pic/a_d2ed9093_91_lo.jpg, lo
data/fdata3/pic/a_d2ed9093_92_lq.jpg, lq
data/fdata3/pic/a_d2ed9093_93_lw.jpg, lw
data/fdata3/pic/a_d2ed9093_94_le.jpg, le
data/fdata3/pic/a_d2ed9093_95_l1.jpg, l1
data/fdata3/pic/a_d2ed9093_96_l2.jpg, l2
data/fdata3/pic/a_d2ed9093_97_l3.jpg, l3
data/fdata3/pic/a_d2ed9093_98_l4.jpg, l4
data/fdata3/pic/a_d2ed9093_99_l5.jpg, l5
data/fdata3/pic/a_d2ed9093_100_mc.jpg, mc
data/fdata3/pic/a_d2ed9093_101_mo.jpg, mo
data/fdata3/pic/a_d2ed9093_102_mq.jpg, mq
data/fdata3/pic/a_d2ed9093_103_mw.jpg, mw
data/fdata3/pic/a_d2ed9093_104_me.jpg, me
data/fdata3/pic/a_d2ed9093_105_m1.jpg, m1
data/fdata3/pic/a_d2ed9093_106_m2.jpg, m2
data/fdata3/pic/a_d2ed9093_107_m3.jpg, m3
data/fdata3/pic/a_d2ed9093_108_m4.jpg, m4
data/fdata3/pic/a_d2ed9093_109_m5.jpg, m5
data/fdata3/pic/a_d2ed9093_110_rc.jpg, rc
data/fdata3/pic/a_d2ed9093_111_ro.jpg, ro
data/fdata3/pic/a_d2ed9093_112_rq.jpg, rq
data/fdata3/pic/a_d2ed9093_113_rw.jpg, rw
data/fdata3/pic/a_d2ed9093_114_re.jpg, re
data/fdata3/pic/a_d2ed9093_115_r1.jpg, r1
data/fdata3/pic/a_d2ed9093_116_r2.jpg, r2
data/fdata3/pic/a_d2ed9093_117_r3.jpg, r3
data/fdata3/pic/a_d2ed9093_118_r4.jpg, r4
data/fdata3/pic/a_d2ed9093_119_r5.jpg, r5
data/fdata3/pic/a_d2ed9093_120_lc.jpg, lc
data/fdata3/pic/a_d2ed9093_121_lo.jpg, lo
data/fdata3/pic/a_d2ed9093_122_lq.jpg, lq
data/fdata3/pic/a_d2ed9093_123_lw.jpg, lw
data/fdata3/pic/a_d2ed9093_124_le.jpg, le
data/fdata3/pic/a_d2ed9093_125_l1.jpg, l1
data/fdata3/pic/a_d2ed9093_126_l2.jpg, l2
data/fdata3/pic/a_d2ed9093_127_l3.jpg, l3
data/fdata3/pic/a_d2ed9093_128_l4.jpg, l4
data/fdata3/pic/a_d2ed9093_129_l5.jpg, l5
data/fdata3/pic/a_d2ed9093_130_mc.jpg, mc
data/fdata3/pic/a_d2ed9093_131_mo.jpg, mo
data/fdata3/pic/a_d2ed9093_132_mq.jpg, mq
data/fdata3/pic/a_d2ed9093_133_mw.jpg, mw
data/fdata3/pic/a_d2ed9093_134_me.jpg, me
data/fdata3/pic/a_d2ed9093_135_m1.jpg, m1
data/fdata3/pic/a_d2ed9093_136_m2.jpg, m2
data/fdata3/pic/a_d2ed9093_137_m3.jpg, m3
data/fdata3/pic/a_d2ed9093_138_m4.jpg, m4
data/fdata3/pic/a_d2ed9093_139_m5.jpg, m5
data/fdata3/pic/a_d2ed9093_140_rc.jpg, rc
data/fdata3/pic/a_d2ed9093_141_ro.jpg, ro
data/fdata3/pic/a_d2ed9093_142_rq.jpg, rq
data/fdata3/pic/a_d2ed9093_143_rw.jpg, rw
data/fdata3/pic/a_d2ed9093_144_re.jpg, re
data/fdata3/pic/a_d2ed9093_145_r1.jpg, r1
data/fdata3/pic/a_d2ed9093_146_r2.jpg, r2
data/fdata3/pic/a_d2ed9093_147_r3.jpg, r3
data/fdata3/pic/a_d2ed9093_148_r4.jpg, r4
data/fdata3/pic/a_d2ed9093_149_r5.jpg, r5
data/fdata3/pic/a_d2ed9093_150_lc.jpg, lc
data/fdata3/pic/a_d2ed9093_151_lo.jpg, lo
data/fdata3/pic/a_d2ed9093_152_lq.jpg, lq
data/fdata3/pic/a_d2ed9093_153_lw.jpg, lw
data/fdata3/pic/a_d2ed9093_154_le.jpg, le
data/fdata3/pic/a_d2ed9093_155_l1.jpg, l1
data/fdata3/pic/a_d2ed9093_156_l2.jpg, l2
data/fdata3/pic/a_d2ed9093_157_l3.jpg, l3
data/fdata3/pic/a_d2ed9093_158_l4.jpg, l4
data/fdata3/pic/a_d2ed9093_159_l5.jpg, l5
data/fdata3/pic/a_d2ed9093_160_mc.jpg, mc
data/fdata3/pic/a_d2ed9093_161_mo.jpg, mo
data/fdata3/pic/a_d2ed9093_162_mq.jpg, mq
data/fdata3/pic/a_d2ed9093_163_mw.jpg, mw
data/fdata3/pic/a_d2ed9093_164_me.jpg, me
data/fdata3/pic/a_d2ed9093_165_m1.jpg, m1
data/fdata3/pic/a_d2ed9093_166_m2.jpg, m2
data/fdata3/pic/a_d2ed9093_167_m3.jpg, m3
data/fdata3/pic/a_d2ed9093_168_m4.jpg, m4
data/fdata3/pic/a_d2ed9093_169_m5.jpg, m5
data/fdata3/pic/a_d2ed9093_170_rc.jpg, rc
data/fdata3/pic/a_d2ed9093_171_ro.jpg, ro
data/fdata3/pic/a_d2ed9093_172_rq.jpg, rq
data/fdata3/pic/a_d2ed9093_173_rw.jpg, rw
data/fdata3/pic/a_d2ed9093_174_re.jpg, re
data/fdata3/pic/a_d2ed9093_175_r1.jpg, r1
data/fdata3/pic/a_d2ed9093_176_r2.jpg, r2
data/fdata3/pic/a_d2ed9093_177_r3.jpg, r3
data/fdata3/pic/a_d2ed9093_178_r4.jpg, r4
data/fdata3/pic/a_d2ed9093_179_r5.jpg, r5
data/fdata3/pic/a_d2ed9093_180_lc.jpg, lc
data/fdata3/pic/a_d2ed9093_181_lo.jpg, lo
data/fdata3/pic/a_d2ed9093_182_lq.jpg, lq
data/fdata3/pic/a_d2ed9093_183_lw.jpg, lw
data/fdata3/pic/a_d2ed9093_184_le.jpg, le
data/fdata3/pic/a_d2ed9093_185_l1.jpg, l1
data/fdata3/pic/a_d2ed9093_186_l2.jpg, l2
data/fdata3/pic/a_d2ed9093_187_l3.jpg, l3
data/fdata3/pic/a_d2ed9093_188_l4.jpg, l4
data/fdata3/pic/a_d2ed9093_189_l5.jpg, l5
data/fdata3/pic/a_d2ed9093_190_mc.jpg, mc
data/fdata3/pic/a_d2ed9093_191_mo.jpg, mo
data/fdata3/pic/a_d2ed9093_192_mq.jpg, mq
data/fdata3/pic/a_d2ed9093_193_mw.jpg, mw
data/fdata3/pic/a_d2ed9093_194_me.jpg, me
data/fdata3/pic/a_d2ed9093_195_m1.jpg, m1
data/fdata3/pic/a_d2ed9093_196_m2.jpg, m2
data/fdata3/pic/a_d2ed9093_197_m3.jpg, m3
data/fdata3/pic/a_d2ed9093_198_m4.jpg, m4
data/fdata3/pic/a_d2ed9093_199_m5.jpg, m5
data/fdata3/pic/a_d2ed9093_200_rc.jpg, rc
data/fdata3/pic/a_d2ed9093_201_ro.jpg, ro
data/fdata3/pic/a_d2ed9093_202_rq.jpg, rq
data/fdata3/pic/a_d2ed9093_203_rw.jpg, rw
data/fdata3/pic/a_d2ed9093_204_re.jpg, re
data/fdata3/pic/a_d2ed9093_205_r1.jpg, r1
data/fdata3/pic/a_d2ed9093_206_r2.jpg, r2
data/fdata3/pic/a_d2ed9093_207_r3.jpg, r3
data/fdata3/pic/a_d2ed9093_208_r4.jpg, r4
data/fdata3/pic/a_d2ed9093_209_r5.jpg, r5
data/fdata3/pic/a_d2ed9093_210_lc.jpg, lc
data/fdata3/pic/a_d2ed9093_211_lo.jpg, lo
data/fdata3/pic/a_d2ed9093_212_lq.jpg, lq
data/fdata3/pic/a_d2ed9093_213_lw.jpg, lw
data/fdata3/pic/a_d2ed9093_214_le.jpg, le
data/fdata3/pic/a_d2ed9093_215_l1.jpg, l1
data/fdata3/pic/a_d2ed9093_216_l2.jpg, l2
data/fdata3/pic/a_d2ed9093_217_l3.jpg, l3
data/fdata3/pic/a_d2ed9093_218_l4.jpg, l4
data/fdata3/pic/a_d2ed9093_219_l5.jpg, l5
data/fdata3/pic/a_d2ed9093_220_mc.jpg, mc
data/fdata3/pic/a_d2ed9093_221_mo.jpg, mo
data/fdata3/pic/a_d2ed9093_222_mq.jpg, mq
data/fdata3/pic/a_d2ed9093_223_mw.jpg, mw
data/fdata3/pic/a_d2ed9093_224_me.jpg, me
data/fdata3/pic/a_d2ed9093_225_m1.jpg, m1
data/fdata3/pic/a_d2ed9093_226_m2.jpg, m2
data/fdata3/pic/a_d2ed9093_227_m3.jpg, m3
data/fdata3/pic/a_d2ed9093_228_m4.jpg, m4
data/fdata3/pic/a_d2ed9093_229_m5.jpg, m5
data/fdata3/pic/a_d2ed9093_230_rc.jpg, rc
data/fdata3/pic/a_d2ed9093_231_ro.jpg, ro
data/fdata3/pic/a_d2ed9093_232_rq.jpg, rq
data/fdata3/pic/a_d2ed9093_233_rw.jpg, rw
data/fdata3/pic/a_d2ed9093_234_re.jpg, re
data/fdata3/pic/a_d2ed9093_235_r1.jpg, r1
data/fdata3/pic/a_d2ed9093_236_r2.jpg, r2
data/fdata3/pic/a_d2ed9093_237_r3.jpg, r3
data/fdata3/pic/a_d2ed9093_238_r4.jpg, r4
data/fdata3/pic/a_d2ed9093_239_r5.jpg, r5
data/fdata3/pic/a_d2ed9093_240_lc.jpg, lc
data/fdata3/pic/a_d2ed9093_241_lo.jpg, lo
data/fdata3/pic/a_d2ed9093_242_lq.jpg, lq
data/fdata3/pic/a_d2ed9093_243_lw.jpg, lw
data/fdata3/pic/a_d2ed9093_244_le.jpg, le
data/fdata3/pic/a_d2ed9093_245_l1.jpg, l1
data/fdata3/pic/a_d2ed9093_246_l2.jpg, l2
data/fdata3/pic/a_d2ed9093_247_l3.jpg, l3
data/fdata3/pic/a_d2ed9093_248_l4.jpg, l4
data/fdata3/pic/a_d2ed9093_249_l5.jpg, l5
data/fdata3/pic/a_d2ed9093_250_mc.jpg, mc
data/fdata3/pic/a_d2ed9093_251_mo.jpg, mo
data/fdata3/pic/a_d2ed9093_252_mq.jpg, mq
data/fdata3/pic/a_d2ed9093_253_mw.jpg, mw
data/fdata3/pic/a_d2ed9093_254_me.jpg, me
data/fdata3/pic/a_d2ed9093_255_m1.jpg, m1
data/fdata3/pic/a_d2ed9093_256_m2.jpg, m2
data/fdata3/pic/a_d2ed9093_257_m3.jpg, m3
data/fdata3/pic/a_d2ed9093_258_m4.jpg, m4
data/fdata3/pic/a_d2ed9093_259_m5.jpg, m5
data/fdata3/pic/a_d2ed9093_260_rc.jpg, rc
data/fdata3/pic/a_d2ed9093_261_ro.jpg, ro
data/fdata3/pic/a_d2ed9093_262_rq.jpg, rq
data/fdata3/pic/a_d2ed9093_263_rw.jpg, rw
data/fdata3/pic/a_d2ed9093_264_re.jpg, re
data/fdata3/pic/a_d2ed9093_265_r1.jpg, r1
data/fdata3/pic/a_d2ed9093_266_r2.jpg, r2
data/fdata3/pic/a_d2ed9093_267_r3.jpg, r3
data/fdata3/pic/a_d2ed9093_268_r4.jpg, r4
data/fdata3/pic/a_d2ed9093_269_r5.jpg, r5
data/fdata3/pic/a_d2ed9093_270_lc.jpg, lc
data/fdata3/pic/a_d2ed9093_271_lo.jpg, lo
data/fdata3/pic/a_d2ed9093_272_lq.jpg, lq
data/fdata3/pic/a_d2ed9093_273_lw.jpg, lw
data/fdata3/pic/a_d2ed9093_274_le.jpg, le
data/fdata3/pic/a_d2ed9093_275_l1.jpg, l1
data/fdata3/pic/a_d2ed9093_276_l2.jpg, l2
data/fdata3/pic/a_d2ed9093_277_l3.jpg, l3
data/fdata3/pic/a_d2ed9093_278_l4.jpg, l4
data/fdata3/pic/a_d2ed9093_279_l5.jpg, l5
data/fdata3/pic/a_d2ed9093_280_mc.jpg, mc
data/fdata3/pic/a_d2ed9093_281_mo.jpg, mo
data/fdata3/pic/a_d2ed9093_282_mq.jpg, mq
data/fdata3/pic/a_d2ed9093_283_mw.jpg, mw
data/fdata3/pic/a_d2ed9093_284_me.jpg, me
data/fdata3/pic/a_d2ed9093_285_m1.jpg, m1
data/fdata3/pic/a_d2ed9093_286_m2.jpg, m2
data/fdata3/pic/a_d2ed9093_287_m3.jpg, m3
data/fdata3/pic/a_d2ed9093_288_m4.jpg, m4
data/fdata3/pic/a_d2ed9093_289_m5.jpg, m5
data/fdata3/pic/a_d2ed9093_290_rc.jpg, rc
data/fdata3/pic/a_d2ed9093_291_ro.jpg, ro
data/fdata3/pic/a_d2ed9093_292_rq.jpg, rq
data/fdata3/pic/a_d2ed9093_293_rw.jpg, rw
data/fdata3/pic/a_d2ed9093_294_re.jpg, re
data/fdata3/pic/a_d2ed9093_295_r1.jpg, r1
data/fdata3/pic/a_d2ed9093_296_r2.jpg, r2
data/fdata3/pic/a_d2ed9093_297_r3.jpg, r3
data/fdata3/pic/a_d2ed9093_298_r4.jpg, r4
data/fdata3/pic/a_d2ed9093_299_r5.jpg, r5
data/fdata3/pic/a_d2ed9093_300_lc.jpg, lc
data/fdata3/pic/a_d2ed9093_301_lo.jpg, lo
data/fdata3/pic/a_d2ed9093_302_lq.jpg, lq
data/fdata3/pic/a_d2ed9093_303_lw.jpg, lw
data/fdata3/pic/a_d2ed9093_304_le.jpg, le
data/fdata3/pic/a_d2ed9093_305_l1.jpg, l1
data/fdata3/pic/a_d2ed9093_306_l2.jpg, l2
data/fdata3/pic/a_d2ed9093_307_l4.jpg, l4
data/fdata3/pic/a_d2ed9093_308_l4.jpg, l4
data/fdata3/pic/a_d2ed9093_309_l5.jpg, l5
data/fdata3/pic/a_d2ed9093_310_mc.jpg, mc
data/fdata3/pic/a_d2ed9093_311_mo.jpg, mo
data/fdata3/pic/a_d2ed9093_312_mq.jpg, mq
data/fdata3/pic/a_d2ed9093_313_mw.jpg, mw
data/fdata3/pic/a_d2ed9093_314_me.jpg, me
data/fdata3/pic/a_d2ed9093_315_m1.jpg, m1
data/fdata3/pic/a_d2ed9093_316_m2.jpg, m2
data/fdata3/pic/a_d2ed9093_317_m3.jpg, m3
data/fdata3/pic/a_d2ed9093_318_m4.jpg, m4
data/fdata3/pic/a_d2ed9093_319_m5.jpg, m5
data/fdata3/pic/a_d2ed9093_320_rc.jpg, rc
data/fdata3/pic/a_d2ed9093_321_ro.jpg, ro
data/fdata3/pic/a_d2ed9093_322_rq.jpg, rq
data/fdata3/pic/a_d2ed9093_323_rw.jpg, rw
data/fdata3/pic/a_d2ed9093_324_re.jpg, re
data/fdata3/pic/a_d2ed9093_325_r1.jpg, r1
data/fdata3/pic/a_d2ed9093_326_r2.jpg, r2
data/fdata3/pic/a_d2ed9093_327_r3.jpg, r3
data/fdata3/pic/a_d2ed9093_328_r4.jpg, r4
data/fdata3/pic/a_d2ed9093_329_r5.jpg, r5
data/fdata3/pic/a_d2ed9093_330_lc.jpg, lc
data/fdata3/pic/a_d2ed9093_331_lo.jpg, lo
data/fdata3/pic/a_d2ed9093_332_lq.jpg, lq
data/fdata3/pic/a_d2ed9093_333_lw.jpg, lw
data/fdata3/pic/a_d2ed9093_334_le.jpg, le
data/fdata3/pic/a_d2ed9093_335_l1.jpg, l1
data/fdata3/pic/a_d2ed9093_336_l2.jpg, l2
data/fdata3/pic/a_d2ed9093_337_l3.jpg, l3
data/fdata3/pic/a_d2ed9093_338_l4.jpg, l4
data/fdata3/pic/a_d2ed9093_339_l5.jpg, l5
data/fdata3/pic/a_d2ed9093_340_mc.jpg, mc
data/fdata3/pic/a_d2ed9093_341_mo.jpg, mo
data/fdata3/pic/a_d2ed9093_342_mq.jpg, mq
data/fdata3/pic/a_d2ed9093_343_mw.jpg, mw
data/fdata3/pic/a_d2ed9093_344_me.jpg, me
data/fdata3/pic/a_d2ed9093_345_m1.jpg, m1
data/fdata3/pic/a_d2ed9093_346_m2.jpg, m2
data/fdata3/pic/a_d2ed9093_347_m3.jpg, m3
data/fdata3/pic/a_d2ed9093_348_m4.jpg, m4
data/fdata3/pic/a_d2ed9093_349_m5.jpg, m5
data/fdata3/pic/a_d2ed9093_350_rc.jpg, rc
data/fdata3/pic/a_d2ed9093_351_ro.jpg, ro
data/fdata3/pic/a_d2ed9093_352_rq.jpg, rq
data/fdata3/pic/a_d2ed9093_353_rw.jpg, rw
data/fdata3/pic/a_d2ed9093_354_re.jpg, re
data/fdata3/pic/a_d2ed9093_355_r1.jpg, r1
data/fdata3/pic/a_d2ed9093_356_r2.jpg, r2
data/fdata3/pic/a_d2ed9093_357_r3.jpg, r3
data/fdata3/pic/a_d2ed9093_358_r4.jpg, r4
data/fdata3/pic/a_d2ed9093_359_r5.jpg, r5
data/fdata3/pic/a_d2ed9093_360_lc.jpg, lc
data/fdata3/pic/a_d2ed9093_361_lo.jpg, lo
data/fdata3/pic/a_d2ed9093_362_lq.jpg, lq
data/fdata3/pic/a_d2ed9093_363_lw.jpg, lw
data/fdata3/pic/a_d2ed9093_364_le.jpg, le
data/fdata3/pic/a_d2ed9093_365_l1.jpg, l1
data/fdata3/pic/a_d2ed9093_366_l2.jpg, l2
data/fdata3/pic/a_d2ed9093_367_l3.jpg, l3
data/fdata3/pic/a_d2ed9093_368_l4.jpg, l4
data/fdata3/pic/a_d2ed9093_369_l5.jpg, l5
data/fdata3/pic/a_d2ed9093_370_mc.jpg, mc
data/fdata3/pic/a_d2ed9093_371_mo.jpg, mo
data/fdata3/pic/a_d2ed9093_372_mq.jpg, mq
data/fdata3/pic/a_d2ed9093_373_mw.jpg, mw
data/fdata3/pic/a_d2ed9093_374_me.jpg, me
data/fdata3/pic/a_d2ed9093_375_m1.jpg, m1
data/fdata3/pic/a_d2ed9093_376_m2.jpg, m2
data/fdata3/pic/a_d2ed9093_377_m3.jpg, m3
data/fdata3/pic/a_d2ed9093_378_m4.jpg, m4
data/fdata3/pic/a_d2ed9093_379_m5.jpg, m5
data/fdata3/pic/a_d2ed9093_380_rc.jpg, rc
data/fdata3/pic/a_d2ed9093_381_ro.jpg, ro
data/fdata3/pic/a_d2ed9093_382_rq.jpg, rq
data/fdata3/pic/a_d2ed9093_383_rw.jpg, rw
data/fdata3/pic/a_d2ed9093_384_re.jpg, re
data/fdata3/pic/a_d2ed9093_385_r1.jpg, r1
data/fdata3/pic/a_d2ed9093_386_r2.jpg, r2
data/fdata3/pic/a_d2ed9093_387_r3.jpg, r3
data/fdata3/pic/a_d2ed9093_388_r4.jpg, r4
data/fdata3/pic/a_d2ed9093_389_r5.jpg, r5
data/fdata3/pic/a_d2ed9093_390_lc.jpg, lc
data/fdata3/pic/a_d2ed9093_391_lo.jpg, lo
data/fdata3/pic/a_d2ed9093_392_lq.jpg, lq
data/fdata3/pic/a_d2ed9093_393_lw.jpg, lw
data/fdata3/pic/a_d2ed9093_394_le.jpg, le
data/fdata3/pic/a_d2ed9093_395_l1.jpg, l1
data/fdata3/pic/a_d2ed9093_396_l2.jpg, l2
data/fdata3/pic/a_d2ed9093_397_l3.jpg, l3
data/fdata3/pic/a_d2ed9093_398_l4.jpg, l4
data/fdata3/pic/a_d2ed9093_399_l5.jpg, l5
data/fdata3/pic/a_d2ed9093_400_mc.jpg, mc
data/fdata3/pic/a_d2ed9093_401_mo.jpg, mo
data/fdata3/pic/a_d2ed9093_402_mq.jpg, mq
data/fdata3/pic/a_d2ed9093_403_mw.jpg, mw
data/fdata3/pic/a_d2ed9093_404_me.jpg, me
data/fdata3/pic/a_d2ed9093_405_m1.jpg, m1
data/fdata3/pic/a_d2ed9093_406_m2.jpg, m2
data/fdata3/pic/a_d2ed9093_407_m3.jpg, m3
data/fdata3/pic/a_d2ed9093_408_m4.jpg, m4
data/fdata3/pic/a_d2ed9093_409_m5.jpg, m5
data/fdata3/pic/a_d2ed9093_411_rc.jpg, rc
data/fdata3/pic/a_d2ed9093_412_ro.jpg, ro
data/fdata3/pic/a_d2ed9093_413_rq.jpg, rq
data/fdata3/pic/a_d2ed9093_414_rw.jpg, rw
data/fdata3/pic/a_d2ed9093_415_re.jpg, re
data/fdata3/pic/a_d2ed9093_416_r1.jpg, r1
data/fdata3/pic/a_d2ed9093_417_r2.jpg, r2
data/fdata3/pic/a_d2ed9093_418_r3.jpg, r3
data/fdata3/pic/a_d2ed9093_419_r4.jpg, r4
data/fdata3/pic/a_d2ed9093_420_r5.jpg, r5
data/fdata3/pic/a_d2ed9093_421_lc.jpg, lc
data/fdata3/pic/a_d2ed9093_422_lo.jpg, lo
data/fdata3/pic/a_d2ed9093_423_lq.jpg, lq
data/fdata3/pic/a_d2ed9093_424_lw.jpg, lw
data/fdata3/pic/a_d2ed9093_425_le.jpg, le
data/fdata3/pic/a_d2ed9093_426_l1.jpg, l1
data/fdata3/pic/a_d2ed9093_427_l2.jpg, l2
data/fdata3/pic/a_d2ed9093_428_l3.jpg, l3
data/fdata3/pic/a_d2ed9093_429_l4.jpg, l4
data/fdata3/pic/a_d2ed9093_430_l5.jpg, l5
data/fdata3/pic/a_d2ed9093_431_mc.jpg, mc
data/fdata3/pic/a_d2ed9093_432_mo.jpg, mo
data/fdata3/pic/a_d2ed9093_433_mq.jpg, mq
data/fdata3/pic/a_d2ed9093_434_me.jpg, me
data/fdata3/pic/a_d2ed9093_435_me.jpg, me
data/fdata3/pic/a_d2ed9093_436_m1.jpg, m1
data/fdata3/pic/a_d2ed9093_437_m2.jpg, m2
data/fdata3/pic/a_d2ed9093_438_m3.jpg, m3
data/fdata3/pic/a_d2ed9093_439_m4.jpg, m4
data/fdata3/pic/a_d2ed9093_440_m5.jpg, m5
data/fdata3/pic/a_d2ed9093_441_rc.jpg, rc
data/fdata3/pic/a_d2ed9093_442_ro.jpg, ro
data/fdata3/pic/a_d2ed9093_443_rq.jpg, rq
data/fdata3/pic/a_d2ed9093_444_rw.jpg, rw
data/fdata3/pic/a_d2ed9093_445_re.jpg, re
data/fdata3/pic/a_d2ed9093_446_r1.jpg, r1
data/fdata3/pic/a_d2ed9093_447_r2.jpg, r2
data/fdata3/pic/a_d2ed9093_448_r3.jpg, r3
data/fdata3/pic/a_d2ed9093_449_r4.jpg, r4
data/fdata3/pic/a_d2ed9093_450_r5.jpg, r5
data/fdata3/pic/a_d2ed9093_451_lc.jpg, lc
data/fdata3/pic/a_d2ed9093_452_lo.jpg, lo
data/fdata3/pic/a_d2ed9093_453_lq.jpg, lq
data/fdata3/pic/a_d2ed9093_454_lw.jpg, lw
data/fdata3/pic/a_d2ed9093_455_le.jpg, le
data/fdata3/pic/a_d2ed9093_456_l1.jpg, l1
data/fdata3/pic/a_d2ed9093_457_l2.jpg, l2
data/fdata3/pic/a_d2ed9093_458_l3.jpg, l3
data/fdata3/pic/a_d2ed9093_459_l4.jpg, l4
data/fdata3/pic/a_d2ed9093_460_l5.jpg, l5
data/fdata3/pic/a_d2ed9093_461_mc.jpg, mc
data/fdata3/pic/a_d2ed9093_462_mo.jpg, mo
data/fdata3/pic/a_d2ed9093_463_mq.jpg, mq
data/fdata3/pic/a_d2ed9093_464_mw.jpg, mw
data/fdata3/pic/a_d2ed9093_465_me.jpg, me
data/fdata3/pic/a_d2ed9093_466_m1.jpg, m1
data/fdata3/pic/a_d2ed9093_467_m2.jpg, m2
data/fdata3/pic/a_d2ed9093_468_m3.jpg, m3
data/fdata3/pic/a_d2ed9093_469_m4.jpg, m4
data/fdata3/pic/a_d2ed9093_470_m5.jpg, m5
data/fdata3/pic/a_d2ed9093_471_rc.jpg, rc
data/fdata3/pic/a_d2ed9093_472_ro.jpg, ro
data/fdata3/pic/a_d2ed9093_473_rq.jpg, rq
data/fdata3/pic/a_d2ed9093_474_rw.jpg, rw
data/fdata3/pic/a_d2ed9093_475_re.jpg, re
data/fdata3/pic/a_d2ed9093_476_r1.jpg, r1
data/fdata3/pic/a_d2ed9093_477_r2.jpg, r2
data/fdata3/pic/a_d2ed9093_478_r3.jpg, r3
data/fdata3/pic/a_d2ed9093_479_r4.jpg, r4
data/fdata3/pic/a_d2ed9093_480_r5.jpg, r5
data/fdata3/pic/a_d2ed9093_481_lc.jpg, lc
data/fdata3/pic/a_d2ed9093_482_lo.jpg, lo
data/fdata3/pic/a_d2ed9093_483_lq.jpg, lq
data/fdata3/pic/a_d2ed9093_484_lw.jpg, lw
data/fdata3/pic/a_d2ed9093_485_le.jpg, le
data/fdata3/pic/a_d2ed9093_486_l1.jpg, l1
data/fdata3/pic/a_d2ed9093_487_l2.jpg, l2
data/fdata3/pic/a_d2ed9093_488_l3.jpg, l3
data/fdata3/pic/a_d2ed9093_489_l4.jpg, l4
data/fdata3/pic/a_d2ed9093_490_l5.jpg, l5
data/fdata3/pic/a_d2ed9093_491_mc.jpg, mc
data/fdata3/pic/a_d2ed9093_492_mo.jpg, mo
data/fdata3/pic/a_d2ed9093_493_mq.jpg, mq
data/fdata3/pic/a_d2ed9093_494_mw.jpg, mw
data/fdata3/pic/a_d2ed9093_495_me.jpg, me
data/fdata3/pic/a_d2ed9093_496_m1.jpg, m1
data/fdata3/pic/a_d2ed9093_497_m2.jpg, m2
data/fdata3/pic/a_d2ed9093_498_m3.jpg, m3
data/fdata3/pic/a_d2ed9093_499_m4.jpg, m4
data/fdata3/pic/a_d2ed9093_500_m5.jpg, m5
data/fdata3/pic/a_d2ed9093_501_rc.jpg, rc
data/fdata3/pic/a_d2ed9093_502_ro.jpg, ro
data/fdata3/pic/a_d2ed9093_503_rq.jpg, rq
data/fdata3/pic/a_d2ed9093_504_rw.jpg, rw
data/fdata3/pic/a_d2ed9093_506_re.jpg, re
data/fdata3/pic/a_d2ed9093_507_r1.jpg, r1
data/fdata3/pic/a_d2ed9093_508_r2.jpg, r2
data/fdata3/pic/a_d2ed9093_509_r3.jpg, r3
data/fdata3/pic/a_d2ed9093_510_r4.jpg, r4
data/fdata3/pic/a_d2ed9093_511_r5.jpg, r5
data/fdata3/pic/a_d2ed9093_512_lc.jpg, lc
data/fdata3/pic/a_d2ed9093_513_lo.jpg, lo
data/fdata3/pic/a_d2ed9093_514_lq.jpg, lq
data/fdata3/pic/a_d2ed9093_515_lw.jpg, lw
data/fdata3/pic/a_d2ed9093_516_le.jpg, le
data/fdata3/pic/a_d2ed9093_517_l1.jpg, l1
data/fdata3/pic/a_d2ed9093_518_l2.jpg, l2
data/fdata3/pic/a_d2ed9093_519_l3.jpg, l3
data/fdata3/pic/a_d2ed9093_520_l4.jpg, l4
data/fdata3/pic/a_d2ed9093_521_l5.jpg, l5
data/fdata3/pic/a_d2ed9093_522_mc.jpg, mc
data/fdata3/pic/a_d2ed9093_523_mo.jpg, mo
data/fdata3/pic/a_d2ed9093_524_mq.jpg, mq
data/fdata3/pic/a_d2ed9093_525_mw.jpg, mw
data/fdata3/pic/a_d2ed9093_526_me.jpg, me
data/fdata3/pic/a_d2ed9093_527_m1.jpg, m1
data/fdata3/pic/a_d2ed9093_528_m2.jpg, m2
data/fdata3/pic/a_d2ed9093_529_m3.jpg, m3
data/fdata3/pic/a_d2ed9093_530_m4.jpg, m4
data/fdata3/pic/a_d2ed9093_531_m5.jpg, m5
data/fdata3/pic/a_d2ed9093_532_rc.jpg, rc
data/fdata3/pic/a_d2ed9093_533_ro.jpg, ro
data/fdata3/pic/a_d2ed9093_534_rq.jpg, rq
data/fdata3/pic/a_d2ed9093_535_rw.jpg, rw
data/fdata3/pic/a_d2ed9093_536_re.jpg, re
data/fdata3/pic/a_d2ed9093_537_r1.jpg, r1
data/fdata3/pic/a_d2ed9093_538_r2.jpg, r2
data/fdata3/pic/a_d2ed9093_539_r3.jpg, r3
data/fdata3/pic/a_d2ed9093_540_r4.jpg, r4
data/fdata3/pic/a_d2ed9093_541_r5.jpg, r5
data/fdata3/pic/a_d2ed9093_542_lc.jpg, lc
data/fdata3/pic/a_d2ed9093_543_lo.jpg, lo
data/fdata3/pic/a_d2ed9093_544_lq.jpg, lq
data/fdata3/pic/a_d2ed9093_545_lw.jpg, lw
data/fdata3/pic/a_d2ed9093_546_le.jpg, le
data/fdata3/pic/a_d2ed9093_547_l1.jpg, l1
data/fdata3/pic/a_d2ed9093_548_l2.jpg, l2
data/fdata3/pic/a_d2ed9093_549_l3.jpg, l3
data/fdata3/pic/a_d2ed9093_550_l4.jpg, l4
data/fdata3/pic/a_d2ed9093_551_l5.jpg, l5
data/fdata3/pic/a_d2ed9093_552_mc.jpg, mc
data/fdata3/pic/a_d2ed9093_553_mo.jpg, mo
data/fdata3/pic/a_d2ed9093_554_mq.jpg, mq
data/fdata3/pic/a_d2ed9093_555_mw.jpg, mw
data/fdata3/pic/a_d2ed9093_556_me.jpg, me
data/fdata3/pic/a_d2ed9093_557_m1.jpg, m1
data/fdata3/pic/a_d2ed9093_558_m2.jpg, m2
data/fdata3/pic/a_d2ed9093_559_m3.jpg, m3
data/fdata3/pic/a_d2ed9093_560_m4.jpg, m4
data/fdata3/pic/a_d2ed9093_561_m5.jpg, m5
data/fdata3/pic/a_d2ed9093_562_rc.jpg, rc
data/fdata3/pic/a_d2ed9093_563_ro.jpg, ro
data/fdata3/pic/a_d2ed9093_564_rq.jpg, rq
data/fdata3/pic/a_d2ed9093_565_rw.jpg, rw
data/fdata3/pic/a_d2ed9093_566_re.jpg, re
data/fdata3/pic/a_d2ed9093_567_r1.jpg, r1
data/fdata3/pic/a_d2ed9093_568_r2.jpg, r2
data/fdata3/pic/a_d2ed9093_569_r3.jpg, r3
data/fdata3/pic/a_d2ed9093_570_r4.jpg, r4
data/fdata3/pic/a_d2ed9093_571_r5.jpg, r5
data/fdata3/pic/a_d2ed9093_572_lc.jpg, lc
data/fdata3/pic/a_d2ed9093_573_lo.jpg, lo
data/fdata3/pic/a_d2ed9093_574_lq.jpg, lq
data/fdata3/pic/a_d2ed9093_575_lw.jpg, lw
data/fdata3/pic/a_d2ed9093_576_le.jpg, le
data/fdata3/pic/a_d2ed9093_577_l1.jpg, l1
data/fdata3/pic/a_d2ed9093_578_l2.jpg, l2
data/fdata3/pic/a_d2ed9093_579_l3.jpg, l3
data/fdata3/pic/a_d2ed9093_580_l4.jpg, l4
data/fdata3/pic/a_d2ed9093_581_l5.jpg, l5
data/fdata3/pic/a_d2ed9093_582_mc.jpg, mc
data/fdata3/pic/a_d2ed9093_583_mo.jpg, mo
data/fdata3/pic/a_d2ed9093_584_mq.jpg, mq
data/fdata3/pic/a_d2ed9093_585_mw.jpg, mw
data/fdata3/pic/a_d2ed9093_586_me.jpg, me
data/fdata3/pic/a_d2ed9093_587_m1.jpg, m1
data/fdata3/pic/a_d2ed9093_588_m2.jpg, m2
data/fdata3/pic/a_d2ed9093_589_m3.jpg, m3
data/fdata3/pic/a_d2ed9093_590_m4.jpg, m4
data/fdata3/pic/a_d2ed9093_591_m5.jpg, m5
data/fdata3/pic/a_d2ed9093_592_rc.jpg, rc
data/fdata3/pic/a_d2ed9093_593_ro.jpg, ro
data/fdata3/pic/a_d2ed9093_594_rq.jpg, rq
data/fdata3/pic/a_d2ed9093_595_rw.jpg, rw
data/fdata3/pic/a_d2ed9093_596_re.jpg, re
data/fdata3/pic/a_d2ed9093_597_r1.jpg, r1
data/fdata3/pic/a_d2ed9093_598_r2.jpg, r2
data/fdata3/pic/a_d2ed9093_599_r3.jpg, r3
data/fdata3/pic/a_d2ed9093_600_r4.jpg, r4
data/fdata3/pic/a_d2ed9093_601_r5.jpg, r5
data/fdata4/pic/a_c84316f5_0_lc.jpg, lc
data/fdata4/pic/a_c84316f5_1_lo.jpg, lo
data/fdata4/pic/a_c84316f5_2_lq.jpg, lq
data/fdata4/pic/a_c84316f5_3_lw.jpg, lw
data/fdata4/pic/a_c84316f5_4_le.jpg, le
data/fdata4/pic/a_c84316f5_5_l1.jpg, l1
data/fdata4/pic/a_c84316f5_6_l2.jpg, l2
data/fdata4/pic/a_c84316f5_7_l3.jpg, l3
data/fdata4/pic/a_c84316f5_8_l4.jpg, l4
data/fdata4/pic/a_c84316f5_9_l5.jpg, l5
data/fdata4/pic/a_c84316f5_10_mc.jpg, mc
data/fdata4/pic/a_c84316f5_11_mo.jpg, mo
data/fdata4/pic/a_c84316f5_12_mq.jpg, mq
data/fdata4/pic/a_c84316f5_13_mw.jpg, mw
data/fdata4/pic/a_c84316f5_14_me.jpg, me
data/fdata4/pic/a_c84316f5_15_m1.jpg, m1
data/fdata4/pic/a_c84316f5_16_m2.jpg, m2
data/fdata4/pic/a_c84316f5_17_m3.jpg, m3
data/fdata4/pic/a_c84316f5_18_m4.jpg, m4
data/fdata4/pic/a_c84316f5_19_m5.jpg, m5
data/fdata4/pic/a_c84316f5_20_rc.jpg, rc
data/fdata4/pic/a_c84316f5_21_ro.jpg, ro
data/fdata4/pic/a_c84316f5_22_rq.jpg, rq
data/fdata4/pic/a_c84316f5_23_rw.jpg, rw
data/fdata4/pic/a_c84316f5_24_re.jpg, re
data/fdata4/pic/a_c84316f5_25_r1.jpg, r1
data/fdata4/pic/a_c84316f5_26_r2.jpg, r2
data/fdata4/pic/a_c84316f5_27_r3.jpg, r3
data/fdata4/pic/a_c84316f5_28_r4.jpg, r4
data/fdata4/pic/a_c84316f5_29_r5.jpg, r5
data/fdata4/pic/a_c84316f5_30_lc.jpg, lc
data/fdata4/pic/a_c84316f5_31_lo.jpg, lo
data/fdata4/pic/a_c84316f5_32_lq.jpg, lq
data/fdata4/pic/a_c84316f5_33_lw.jpg, lw
data/fdata4/pic/a_c84316f5_34_le.jpg, le
data/fdata4/pic/a_c84316f5_35_l1.jpg, l1
data/fdata4/pic/a_c84316f5_36_l2.jpg, l2
data/fdata4/pic/a_c84316f5_37_l3.jpg, l3
data/fdata4/pic/a_c84316f5_38_l4.jpg, l4
data/fdata4/pic/a_c84316f5_39_l5.jpg, l5
data/fdata4/pic/a_c84316f5_40_mc.jpg, mc
data/fdata4/pic/a_c84316f5_41_mo.jpg, mo
data/fdata4/pic/a_c84316f5_42_mq.jpg, mq
data/fdata4/pic/a_c84316f5_43_mw.jpg, mw
data/fdata4/pic/a_c84316f5_44_me.jpg, me
data/fdata4/pic/a_c84316f5_45_m1.jpg, m1
data/fdata4/pic/a_c84316f5_46_m2.jpg, m2
data/fdata4/pic/a_c84316f5_47_m3.jpg, m3
data/fdata4/pic/a_c84316f5_48_m4.jpg, m4
data/fdata4/pic/a_c84316f5_49_m5.jpg, m5
data/fdata4/pic/a_c84316f5_50_rc.jpg, rc
data/fdata4/pic/a_c84316f5_51_ro.jpg, ro
data/fdata4/pic/a_c84316f5_52_rq.jpg, rq
data/fdata4/pic/a_c84316f5_53_rw.jpg, rw
data/fdata4/pic/a_c84316f5_54_re.jpg, re
data/fdata4/pic/a_c84316f5_55_r1.jpg, r1
data/fdata4/pic/a_c84316f5_56_r2.jpg, r2
data/fdata4/pic/a_c84316f5_57_r3.jpg, r3
data/fdata4/pic/a_c84316f5_58_r4.jpg, r4
data/fdata4/pic/a_c84316f5_59_r5.jpg, r5
data/fdata4/pic/a_c84316f5_60_lc.jpg, lc
data/fdata4/pic/a_c84316f5_61_lo.jpg, lo
data/fdata4/pic/a_c84316f5_62_lq.jpg, lq
data/fdata4/pic/a_c84316f5_63_lw.jpg, lw
data/fdata4/pic/a_c84316f5_64_le.jpg, le
data/fdata4/pic/a_c84316f5_65_l1.jpg, l1
data/fdata4/pic/a_c84316f5_66_l2.jpg, l2
data/fdata4/pic/a_c84316f5_67_l3.jpg, l3
data/fdata4/pic/a_c84316f5_68_l4.jpg, l4
data/fdata4/pic/a_c84316f5_69_l5.jpg, l5
data/fdata4/pic/a_c84316f5_70_mc.jpg, mc
data/fdata4/pic/a_c84316f5_71_mo.jpg, mo
data/fdata4/pic/a_c84316f5_72_mq.jpg, mq
data/fdata4/pic/a_c84316f5_73_mw.jpg, mw
data/fdata4/pic/a_c84316f5_74_me.jpg, me
data/fdata4/pic/a_c84316f5_75_m1.jpg, m1
data/fdata4/pic/a_c84316f5_76_m2.jpg, m2
data/fdata4/pic/a_c84316f5_77_m3.jpg, m3
data/fdata4/pic/a_c84316f5_78_m4.jpg, m4
data/fdata4/pic/a_c84316f5_79_m5.jpg, m5
data/fdata4/pic/a_c84316f5_80_rc.jpg, rc
data/fdata4/pic/a_c84316f5_81_ro.jpg, ro
data/fdata4/pic/a_c84316f5_82_rq.jpg, rq
data/fdata4/pic/a_c84316f5_83_rw.jpg, rw
data/fdata4/pic/a_c84316f5_84_re.jpg, re
data/fdata4/pic/a_c84316f5_85_r1.jpg, r1
data/fdata4/pic/a_c84316f5_86_r2.jpg, r2
data/fdata4/pic/a_c84316f5_87_r3.jpg, r3
data/fdata4/pic/a_c84316f5_88_r4.jpg, r4
data/fdata4/pic/a_c84316f5_89_r5.jpg, r5
data/fdata4/pic/a_c84316f5_90_lc.jpg, lc
data/fdata4/pic/a_c84316f5_91_lo.jpg, lo
data/fdata4/pic/a_c84316f5_92_lq.jpg, lq
data/fdata4/pic/a_c84316f5_93_lw.jpg, lw
data/fdata4/pic/a_c84316f5_94_le.jpg, le
data/fdata4/pic/a_c84316f5_95_l1.jpg, l1
data/fdata4/pic/a_c84316f5_96_l2.jpg, l2
data/fdata4/pic/a_c84316f5_97_l3.jpg, l3
data/fdata4/pic/a_c84316f5_98_l4.jpg, l4
data/fdata4/pic/a_c84316f5_99_l5.jpg, l5
data/fdata4/pic/a_c84316f5_100_mc.jpg, mc
data/fdata4/pic/a_c84316f5_101_mo.jpg, mo
data/fdata4/pic/a_c84316f5_102_mq.jpg, mq
data/fdata4/pic/a_c84316f5_103_mw.jpg, mw
data/fdata4/pic/a_c84316f5_104_me.jpg, me
data/fdata4/pic/a_c84316f5_105_m1.jpg, m1
data/fdata4/pic/a_c84316f5_106_m2.jpg, m2
data/fdata4/pic/a_c84316f5_107_m3.jpg, m3
data/fdata4/pic/a_c84316f5_108_m4.jpg, m4
data/fdata4/pic/a_c84316f5_109_m5.jpg, m5
data/fdata4/pic/a_c84316f5_110_rc.jpg, rc
data/fdata4/pic/a_c84316f5_111_ro.jpg, ro
data/fdata4/pic/a_c84316f5_112_rq.jpg, rq
data/fdata4/pic/a_c84316f5_113_rw.jpg, rw
data/fdata4/pic/a_c84316f5_114_re.jpg, re
data/fdata4/pic/a_c84316f5_115_r1.jpg, r1
data/fdata4/pic/a_c84316f5_116_r2.jpg, r2
data/fdata4/pic/a_c84316f5_117_r3.jpg, r3
data/fdata4/pic/a_c84316f5_118_r4.jpg, r4
data/fdata4/pic/a_c84316f5_119_r5.jpg, r5
data/fdata4/pic/a_c84316f5_120_lc.jpg, lc
data/fdata4/pic/a_c84316f5_121_lo.jpg, lo
data/fdata4/pic/a_c84316f5_122_lq.jpg, lq
data/fdata4/pic/a_c84316f5_123_lw.jpg, lw
data/fdata4/pic/a_c84316f5_124_le.jpg, le
data/fdata4/pic/a_c84316f5_125_l1.jpg, l1
data/fdata4/pic/a_c84316f5_126_l2.jpg, l2
data/fdata4/pic/a_c84316f5_127_l3.jpg, l3
data/fdata4/pic/a_c84316f5_128_l4.jpg, l4
data/fdata4/pic/a_c84316f5_129_l5.jpg, l5
data/fdata4/pic/a_c84316f5_130_mc.jpg, mc
data/fdata4/pic/a_c84316f5_131_mo.jpg, mo
data/fdata4/pic/a_c84316f5_132_mq.jpg, mq
data/fdata4/pic/a_c84316f5_133_mw.jpg, mw
data/fdata4/pic/a_c84316f5_134_me.jpg, me
data/fdata4/pic/a_c84316f5_135_m1.jpg, m1
data/fdata4/pic/a_c84316f5_136_m2.jpg, m2
data/fdata4/pic/a_c84316f5_137_m3.jpg, m3
data/fdata4/pic/a_c84316f5_138_m4.jpg, m4
data/fdata4/pic/a_c84316f5_139_m5.jpg, m5
data/fdata4/pic/a_c84316f5_140_rc.jpg, rc
data/fdata4/pic/a_c84316f5_141_ro.jpg, ro
data/fdata4/pic/a_c84316f5_142_rq.jpg, rq
data/fdata4/pic/a_c84316f5_143_rw.jpg, rw
data/fdata4/pic/a_c84316f5_144_re.jpg, re
data/fdata4/pic/a_c84316f5_145_r1.jpg, r1
data/fdata4/pic/a_c84316f5_146_r2.jpg, r2
data/fdata4/pic/a_c84316f5_147_r3.jpg, r3
data/fdata4/pic/a_c84316f5_148_r4.jpg, r4
data/fdata4/pic/a_c84316f5_149_r5.jpg, r5
data/fdata4/pic/a_c84316f5_150_lc.jpg, lc
data/fdata4/pic/a_c84316f5_151_lo.jpg, lo
data/fdata4/pic/a_c84316f5_152_lq.jpg, lq
data/fdata4/pic/a_c84316f5_153_lw.jpg, lw
data/fdata4/pic/a_c84316f5_154_le.jpg, le
data/fdata4/pic/a_c84316f5_155_l1.jpg, l1
data/fdata4/pic/a_c84316f5_156_l2.jpg, l2
data/fdata4/pic/a_c84316f5_157_l3.jpg, l3
data/fdata4/pic/a_c84316f5_158_l4.jpg, l4
data/fdata4/pic/a_c84316f5_159_l5.jpg, l5
data/fdata4/pic/a_c84316f5_160_mc.jpg, mc
data/fdata4/pic/a_c84316f5_161_mo.jpg, mo
data/fdata4/pic/a_c84316f5_162_mq.jpg, mq
data/fdata4/pic/a_c84316f5_163_mw.jpg, mw
data/fdata4/pic/a_c84316f5_164_me.jpg, me
data/fdata4/pic/a_c84316f5_165_m1.jpg, m1
data/fdata4/pic/a_c84316f5_166_m2.jpg, m2
data/fdata4/pic/a_c84316f5_167_m3.jpg, m3
data/fdata4/pic/a_c84316f5_168_m4.jpg, m4
data/fdata4/pic/a_c84316f5_169_m5.jpg, m5
data/fdata4/pic/a_c84316f5_170_rc.jpg, rc
data/fdata4/pic/a_c84316f5_171_ro.jpg, ro
data/fdata4/pic/a_c84316f5_172_rq.jpg, rq
data/fdata4/pic/a_c84316f5_173_rw.jpg, rw
data/fdata4/pic/a_c84316f5_174_re.jpg, re
data/fdata4/pic/a_c84316f5_175_r1.jpg, r1
data/fdata4/pic/a_c84316f5_176_r2.jpg, r2
data/fdata4/pic/a_c84316f5_177_r3.jpg, r3
data/fdata4/pic/a_c84316f5_178_r4.jpg, r4
data/fdata4/pic/a_c84316f5_179_r5.jpg, r5
data/fdata4/pic/a_c84316f5_180_lc.jpg, lc
data/fdata4/pic/a_c84316f5_181_lo.jpg, lo
data/fdata4/pic/a_c84316f5_182_lq.jpg, lq
data/fdata4/pic/a_c84316f5_183_lw.jpg, lw
data/fdata4/pic/a_c84316f5_184_le.jpg, le
data/fdata4/pic/a_c84316f5_185_l1.jpg, l1
data/fdata4/pic/a_c84316f5_186_l2.jpg, l2
data/fdata4/pic/a_c84316f5_187_l3.jpg, l3
data/fdata4/pic/a_c84316f5_188_l4.jpg, l4
data/fdata4/pic/a_c84316f5_189_l5.jpg, l5
data/fdata4/pic/a_c84316f5_190_mc.jpg, mc
data/fdata4/pic/a_c84316f5_191_mo.jpg, mo
data/fdata4/pic/a_c84316f5_192_mq.jpg, mq
data/fdata4/pic/a_c84316f5_193_mw.jpg, mw
data/fdata4/pic/a_c84316f5_194_me.jpg, me
data/fdata4/pic/a_c84316f5_195_m1.jpg, m1
data/fdata4/pic/a_c84316f5_196_m2.jpg, m2
data/fdata4/pic/a_c84316f5_197_m3.jpg, m3
data/fdata4/pic/a_c84316f5_198_m4.jpg, m4
data/fdata4/pic/a_c84316f5_199_m5.jpg, m5
data/fdata4/pic/a_c84316f5_200_rc.jpg, rc
data/fdata4/pic/a_c84316f5_201_ro.jpg, ro
data/fdata4/pic/a_c84316f5_202_rq.jpg, rq
data/fdata4/pic/a_c84316f5_203_rw.jpg, rw
data/fdata4/pic/a_c84316f5_204_re.jpg, re
data/fdata4/pic/a_c84316f5_205_r1.jpg, r1
data/fdata4/pic/a_c84316f5_206_r2.jpg, r2
data/fdata4/pic/a_c84316f5_207_r3.jpg, r3
data/fdata4/pic/a_c84316f5_208_r4.jpg, r4
data/fdata4/pic/a_c84316f5_209_r5.jpg, r5
data/fdata4/pic/a_c84316f5_210_lc.jpg, lc
data/fdata4/pic/a_c84316f5_211_lo.jpg, lo
data/fdata4/pic/a_c84316f5_212_lq.jpg, lq
data/fdata4/pic/a_c84316f5_213_lw.jpg, lw
data/fdata4/pic/a_c84316f5_214_le.jpg, le
data/fdata4/pic/a_c84316f5_215_l1.jpg, l1
data/fdata4/pic/a_c84316f5_216_l2.jpg, l2
data/fdata4/pic/a_c84316f5_217_l3.jpg, l3
data/fdata4/pic/a_c84316f5_218_l4.jpg, l4
data/fdata4/pic/a_c84316f5_219_l5.jpg, l5
data/fdata4/pic/a_c84316f5_220_mc.jpg, mc
data/fdata4/pic/a_c84316f5_221_mo.jpg, mo
data/fdata4/pic/a_c84316f5_222_mq.jpg, mq
data/fdata4/pic/a_c84316f5_223_mw.jpg, mw
data/fdata4/pic/a_c84316f5_224_me.jpg, me
data/fdata4/pic/a_c84316f5_225_m1.jpg, m1
data/fdata4/pic/a_c84316f5_226_m2.jpg, m2
data/fdata4/pic/a_c84316f5_227_m3.jpg, m3
data/fdata4/pic/a_c84316f5_228_m5.jpg, m5
data/fdata4/pic/a_c84316f5_229_m4.jpg, m4
data/fdata4/pic/a_c84316f5_230_rc.jpg, rc
data/fdata4/pic/a_c84316f5_231_ro.jpg, ro
data/fdata4/pic/a_c84316f5_232_rq.jpg, rq
data/fdata4/pic/a_c84316f5_233_rw.jpg, rw
data/fdata4/pic/a_c84316f5_234_re.jpg, re
data/fdata4/pic/a_c84316f5_235_r1.jpg, r1
data/fdata4/pic/a_c84316f5_236_r2.jpg, r2
data/fdata4/pic/a_c84316f5_237_r3.jpg, r3
data/fdata4/pic/a_c84316f5_238_r4.jpg, r4
data/fdata4/pic/a_c84316f5_239_r5.jpg, r5
data/fdata4/pic/a_c84316f5_240_lc.jpg, lc
data/fdata4/pic/a_c84316f5_241_lo.jpg, lo
data/fdata4/pic/a_c84316f5_242_lq.jpg, lq
data/fdata4/pic/a_c84316f5_243_lw.jpg, lw
data/fdata4/pic/a_c84316f5_244_le.jpg, le
data/fdata4/pic/a_c84316f5_245_l1.jpg, l1
data/fdata4/pic/a_c84316f5_246_l2.jpg, l2
data/fdata4/pic/a_c84316f5_247_l3.jpg, l3
data/fdata4/pic/a_c84316f5_248_l4.jpg, l4
data/fdata4/pic/a_c84316f5_249_l5.jpg, l5
data/fdata4/pic/a_c84316f5_250_mc.jpg, mc
data/fdata4/pic/a_c84316f5_251_mo.jpg, mo
data/fdata4/pic/a_c84316f5_252_mq.jpg, mq
data/fdata4/pic/a_c84316f5_253_mw.jpg, mw
data/fdata4/pic/a_c84316f5_254_m1.jpg, m1
data/fdata4/pic/a_c84316f5_255_m1.jpg, m1
data/fdata4/pic/a_c84316f5_256_m2.jpg, m2
data/fdata4/pic/a_c84316f5_257_m3.jpg, m3
data/fdata4/pic/a_c84316f5_258_m4.jpg, m4
data/fdata4/pic/a_c84316f5_259_m5.jpg, m5
data/fdata4/pic/a_c84316f5_260_rc.jpg, rc
data/fdata4/pic/a_c84316f5_261_ro.jpg, ro
data/fdata4/pic/a_c84316f5_262_rq.jpg, rq
data/fdata4/pic/a_c84316f5_263_rw.jpg, rw
data/fdata4/pic/a_c84316f5_264_re.jpg, re
data/fdata4/pic/a_c84316f5_265_r1.jpg, r1
data/fdata4/pic/a_c84316f5_266_r2.jpg, r2
data/fdata4/pic/a_c84316f5_267_r3.jpg, r3
data/fdata4/pic/a_c84316f5_268_r4.jpg, r4
data/fdata4/pic/a_c84316f5_269_r5.jpg, r5
data/fdata4/pic/a_c84316f5_270_lc.jpg, lc
data/fdata4/pic/a_c84316f5_271_lo.jpg, lo
data/fdata4/pic/a_c84316f5_272_lq.jpg, lq
data/fdata4/pic/a_c84316f5_273_lw.jpg, lw
data/fdata4/pic/a_c84316f5_274_le.jpg, le
data/fdata4/pic/a_c84316f5_275_l1.jpg, l1
data/fdata4/pic/a_c84316f5_276_l2.jpg, l2
data/fdata4/pic/a_c84316f5_277_l3.jpg, l3
data/fdata4/pic/a_c84316f5_278_l4.jpg, l4
data/fdata4/pic/a_c84316f5_279_l5.jpg, l5
data/fdata4/pic/a_c84316f5_280_mc.jpg, mc
data/fdata4/pic/a_c84316f5_281_mo.jpg, mo
data/fdata4/pic/a_c84316f5_282_mq.jpg, mq
data/fdata4/pic/a_c84316f5_283_mw.jpg, mw
data/fdata4/pic/a_c84316f5_284_me.jpg, me
data/fdata4/pic/a_c84316f5_285_m2.jpg, m2
data/fdata4/pic/a_c84316f5_286_m2.jpg, m2
data/fdata4/pic/a_c84316f5_287_m3.jpg, m3
data/fdata4/pic/a_c84316f5_288_m4.jpg, m4
data/fdata4/pic/a_c84316f5_289_m5.jpg, m5
data/fdata4/pic/a_c84316f5_290_rc.jpg, rc
data/fdata4/pic/a_c84316f5_291_ro.jpg, ro
data/fdata4/pic/a_c84316f5_292_rq.jpg, rq
data/fdata4/pic/a_c84316f5_293_rw.jpg, rw
data/fdata4/pic/a_c84316f5_294_re.jpg, re
data/fdata4/pic/a_c84316f5_295_r1.jpg, r1
data/fdata4/pic/a_c84316f5_296_r2.jpg, r2
data/fdata4/pic/a_c84316f5_297_r3.jpg, r3
data/fdata4/pic/a_c84316f5_298_r4.jpg, r4
data/fdata4/pic/a_c84316f5_299_r5.jpg, r5
data/fdata4/pic/a_c84316f5_300_lc.jpg, lc
data/fdata4/pic/a_c84316f5_302_lo.jpg, lo
data/fdata4/pic/a_c84316f5_303_lq.jpg, lq
data/fdata4/pic/a_c84316f5_304_lw.jpg, lw
data/fdata4/pic/a_c84316f5_305_le.jpg, le
data/fdata4/pic/a_c84316f5_306_l1.jpg, l1
data/fdata4/pic/a_c84316f5_307_l2.jpg, l2
data/fdata4/pic/a_c84316f5_308_l3.jpg, l3
data/fdata4/pic/a_c84316f5_309_l4.jpg, l4
data/fdata4/pic/a_c84316f5_310_l5.jpg, l5
data/fdata4/pic/a_c84316f5_311_mc.jpg, mc
data/fdata4/pic/a_c84316f5_312_mo.jpg, mo
data/fdata4/pic/a_c84316f5_313_mq.jpg, mq
data/fdata4/pic/a_c84316f5_314_mw.jpg, mw
data/fdata4/pic/a_c84316f5_315_me.jpg, me
data/fdata4/pic/a_c84316f5_316_m1.jpg, m1
data/fdata4/pic/a_c84316f5_317_m2.jpg, m2
data/fdata4/pic/a_c84316f5_318_m3.jpg, m3
data/fdata4/pic/a_c84316f5_319_m4.jpg, m4
data/fdata4/pic/a_c84316f5_320_m5.jpg, m5
data/fdata4/pic/a_c84316f5_321_rc.jpg, rc
data/fdata4/pic/a_c84316f5_322_ro.jpg, ro
data/fdata4/pic/a_c84316f5_323_rq.jpg, rq
data/fdata4/pic/a_c84316f5_324_rw.jpg, rw
data/fdata4/pic/a_c84316f5_325_re.jpg, re
data/fdata4/pic/a_c84316f5_326_r1.jpg, r1
data/fdata4/pic/a_c84316f5_327_r2.jpg, r2
data/fdata4/pic/a_c84316f5_328_r3.jpg, r3
data/fdata4/pic/a_c84316f5_329_r4.jpg, r4
data/fdata4/pic/a_c84316f5_330_r5.jpg, r5
data/fdata4/pic/a_c84316f5_331_lc.jpg, lc
data/fdata4/pic/a_c84316f5_332_lo.jpg, lo
data/fdata4/pic/a_c84316f5_333_lq.jpg, lq
data/fdata4/pic/a_c84316f5_334_lw.jpg, lw
data/fdata4/pic/a_c84316f5_335_le.jpg, le
data/fdata4/pic/a_c84316f5_336_l1.jpg, l1
data/fdata4/pic/a_c84316f5_337_l2.jpg, l2
data/fdata4/pic/a_c84316f5_338_l3.jpg, l3
data/fdata4/pic/a_c84316f5_339_l4.jpg, l4
data/fdata4/pic/a_c84316f5_340_l5.jpg, l5
data/fdata4/pic/a_c84316f5_341_mc.jpg, mc
data/fdata4/pic/a_c84316f5_342_mo.jpg, mo
data/fdata4/pic/a_c84316f5_343_mq.jpg, mq
data/fdata4/pic/a_c84316f5_344_mw.jpg, mw
data/fdata4/pic/a_c84316f5_345_me.jpg, me
data/fdata4/pic/a_c84316f5_346_m1.jpg, m1
data/fdata4/pic/a_c84316f5_347_m2.jpg, m2
data/fdata4/pic/a_c84316f5_348_m3.jpg, m3
data/fdata4/pic/a_c84316f5_349_m4.jpg, m4
data/fdata4/pic/a_c84316f5_350_m5.jpg, m5
data/fdata4/pic/a_c84316f5_351_rc.jpg, rc
data/fdata4/pic/a_c84316f5_352_ro.jpg, ro
data/fdata4/pic/a_c84316f5_353_rq.jpg, rq
data/fdata4/pic/a_c84316f5_354_rw.jpg, rw
data/fdata4/pic/a_c84316f5_355_re.jpg, re
data/fdata4/pic/a_c84316f5_356_r1.jpg, r1
data/fdata4/pic/a_c84316f5_357_r2.jpg, r2
data/fdata4/pic/a_c84316f5_358_r3.jpg, r3
data/fdata4/pic/a_c84316f5_359_r4.jpg, r4
data/fdata4/pic/a_c84316f5_360_r5.jpg, r5
data/fdata4/pic/a_c84316f5_361_lc.jpg, lc
data/fdata4/pic/a_c84316f5_362_lo.jpg, lo
data/fdata4/pic/a_c84316f5_363_lq.jpg, lq
data/fdata4/pic/a_c84316f5_364_lw.jpg, lw
data/fdata4/pic/a_c84316f5_365_le.jpg, le
data/fdata4/pic/a_c84316f5_366_l1.jpg, l1
data/fdata4/pic/a_c84316f5_367_l2.jpg, l2
data/fdata4/pic/a_c84316f5_368_l3.jpg, l3
data/fdata4/pic/a_c84316f5_369_l4.jpg, l4
data/fdata4/pic/a_c84316f5_370_l5.jpg, l5
data/fdata4/pic/a_c84316f5_371_mc.jpg, mc
data/fdata4/pic/a_c84316f5_372_mo.jpg, mo
data/fdata4/pic/a_c84316f5_373_mq.jpg, mq
data/fdata4/pic/a_c84316f5_374_mw.jpg, mw
data/fdata4/pic/a_c84316f5_375_me.jpg, me
data/fdata4/pic/a_c84316f5_376_m1.jpg, m1
data/fdata4/pic/a_c84316f5_377_m2.jpg, m2
data/fdata4/pic/a_c84316f5_378_m3.jpg, m3
data/fdata4/pic/a_c84316f5_379_m4.jpg, m4
data/fdata4/pic/a_c84316f5_380_m5.jpg, m5
data/fdata4/pic/a_c84316f5_381_rc.jpg, rc
data/fdata4/pic/a_c84316f5_382_ro.jpg, ro
data/fdata4/pic/a_c84316f5_383_rq.jpg, rq
data/fdata4/pic/a_c84316f5_384_rw.jpg, rw
data/fdata4/pic/a_c84316f5_385_re.jpg, re
data/fdata4/pic/a_c84316f5_386_r1.jpg, r1
data/fdata4/pic/a_c84316f5_387_r2.jpg, r2
data/fdata4/pic/a_c84316f5_388_r3.jpg, r3
data/fdata4/pic/a_c84316f5_389_r4.jpg, r4
data/fdata4/pic/a_c84316f5_390_r5.jpg, r5
data/fdata4/pic/a_c84316f5_391_lc.jpg, lc
data/fdata4/pic/a_c84316f5_392_lo.jpg, lo
data/fdata4/pic/a_c84316f5_393_lq.jpg, lq
data/fdata4/pic/a_c84316f5_394_lw.jpg, lw
data/fdata4/pic/a_c84316f5_395_le.jpg, le
data/fdata4/pic/a_c84316f5_396_l1.jpg, l1
data/fdata4/pic/a_c84316f5_397_l2.jpg, l2
data/fdata4/pic/a_c84316f5_398_l3.jpg, l3
data/fdata4/pic/a_c84316f5_399_l4.jpg, l4
data/fdata4/pic/a_c84316f5_400_l5.jpg, l5
data/fdata4/pic/a_c84316f5_401_mc.jpg, mc
data/fdata4/pic/a_c84316f5_402_mo.jpg, mo
data/fdata4/pic/a_c84316f5_403_mq.jpg, mq
data/fdata4/pic/a_c84316f5_404_mw.jpg, mw
data/fdata4/pic/a_c84316f5_405_me.jpg, me
data/fdata4/pic/a_c84316f5_406_m1.jpg, m1
data/fdata4/pic/a_c84316f5_407_m2.jpg, m2
data/fdata4/pic/a_c84316f5_408_m3.jpg, m3
data/fdata4/pic/a_c84316f5_409_m4.jpg, m4
data/fdata4/pic/a_c84316f5_410_m5.jpg, m5
data/fdata4/pic/a_c84316f5_411_rc.jpg, rc
data/fdata4/pic/a_c84316f5_412_ro.jpg, ro
data/fdata4/pic/a_c84316f5_413_rq.jpg, rq
data/fdata4/pic/a_c84316f5_414_rw.jpg, rw
data/fdata4/pic/a_c84316f5_415_re.jpg, re
data/fdata4/pic/a_c84316f5_416_r1.jpg, r1
data/fdata4/pic/a_c84316f5_417_r2.jpg, r2
data/fdata4/pic/a_c84316f5_418_r3.jpg, r3
data/fdata4/pic/a_c84316f5_419_r4.jpg, r4
data/fdata4/pic/a_c84316f5_420_r5.jpg, r5
data/fdata4/pic/a_c84316f5_421_lc.jpg, lc
data/fdata4/pic/a_c84316f5_422_lo.jpg, lo
data/fdata4/pic/a_c84316f5_423_lq.jpg, lq
data/fdata4/pic/a_c84316f5_424_lw.jpg, lw
data/fdata4/pic/a_c84316f5_425_le.jpg, le
data/fdata4/pic/a_c84316f5_426_l1.jpg, l1
data/fdata4/pic/a_c84316f5_427_l2.jpg, l2
data/fdata4/pic/a_c84316f5_428_l3.jpg, l3
data/fdata4/pic/a_c84316f5_429_l4.jpg, l4
data/fdata4/pic/a_c84316f5_430_l5.jpg, l5
data/fdata4/pic/a_c84316f5_431_mc.jpg, mc
data/fdata4/pic/a_c84316f5_432_mo.jpg, mo
data/fdata4/pic/a_c84316f5_433_mq.jpg, mq
data/fdata4/pic/a_c84316f5_434_mw.jpg, mw
data/fdata4/pic/a_c84316f5_435_me.jpg, me
data/fdata4/pic/a_c84316f5_436_m1.jpg, m1
data/fdata4/pic/a_c84316f5_437_m2.jpg, m2
data/fdata4/pic/a_c84316f5_438_m3.jpg, m3
data/fdata4/pic/a_c84316f5_439_m4.jpg, m4
data/fdata4/pic/a_c84316f5_440_m5.jpg, m5
data/fdata4/pic/a_c84316f5_441_rc.jpg, rc
data/fdata4/pic/a_c84316f5_442_ro.jpg, ro
data/fdata4/pic/a_c84316f5_443_rq.jpg, rq
data/fdata4/pic/a_c84316f5_444_rw.jpg, rw
data/fdata4/pic/a_c84316f5_445_re.jpg, re
data/fdata4/pic/a_c84316f5_446_r1.jpg, r1
data/fdata4/pic/a_c84316f5_447_r2.jpg, r2
data/fdata4/pic/a_c84316f5_448_r3.jpg, r3
data/fdata4/pic/a_c84316f5_449_r4.jpg, r4
data/fdata4/pic/a_c84316f5_450_r5.jpg, r5
data/fdata4/pic/a_c84316f5_451_lc.jpg, lc
data/fdata4/pic/a_c84316f5_452_lo.jpg, lo
data/fdata4/pic/a_c84316f5_453_lq.jpg, lq
data/fdata4/pic/a_c84316f5_454_lw.jpg, lw
data/fdata4/pic/a_c84316f5_455_le.jpg, le
data/fdata4/pic/a_c84316f5_456_l1.jpg, l1
data/fdata4/pic/a_c84316f5_457_l2.jpg, l2
data/fdata4/pic/a_c84316f5_458_l3.jpg, l3
data/fdata4/pic/a_c84316f5_459_l4.jpg, l4
data/fdata4/pic/a_c84316f5_460_l5.jpg, l5
data/fdata4/pic/a_c84316f5_461_mc.jpg, mc
data/fdata4/pic/a_c84316f5_462_mo.jpg, mo
data/fdata4/pic/a_c84316f5_463_mq.jpg, mq
data/fdata4/pic/a_c84316f5_464_mw.jpg, mw
data/fdata4/pic/a_c84316f5_465_me.jpg, me
data/fdata4/pic/a_c84316f5_466_m1.jpg, m1
data/fdata4/pic/a_c84316f5_467_m2.jpg, m2
data/fdata4/pic/a_c84316f5_468_m3.jpg, m3
data/fdata4/pic/a_c84316f5_469_m4.jpg, m4
data/fdata4/pic/a_c84316f5_470_m5.jpg, m5
data/fdata4/pic/a_c84316f5_471_rc.jpg, rc
data/fdata4/pic/a_c84316f5_472_ro.jpg, ro
data/fdata4/pic/a_c84316f5_473_rq.jpg, rq
data/fdata4/pic/a_c84316f5_474_rw.jpg, rw
data/fdata4/pic/a_c84316f5_475_re.jpg, re
data/fdata4/pic/a_c84316f5_476_r1.jpg, r1
data/fdata4/pic/a_c84316f5_477_r2.jpg, r2
data/fdata4/pic/a_c84316f5_478_r3.jpg, r3
data/fdata4/pic/a_c84316f5_479_r4.jpg, r4
data/fdata4/pic/a_c84316f5_480_r5.jpg, r5
data/fdata4/pic/a_c84316f5_481_lc.jpg, lc
data/fdata4/pic/a_c84316f5_482_lo.jpg, lo
data/fdata4/pic/a_c84316f5_483_lq.jpg, lq
data/fdata4/pic/a_c84316f5_484_lw.jpg, lw
data/fdata4/pic/a_c84316f5_485_le.jpg, le
data/fdata4/pic/a_c84316f5_486_l1.jpg, l1
data/fdata4/pic/a_c84316f5_487_l2.jpg, l2
data/fdata4/pic/a_c84316f5_488_l3.jpg, l3
data/fdata4/pic/a_c84316f5_489_l4.jpg, l4
data/fdata4/pic/a_c84316f5_490_l5.jpg, l5
data/fdata4/pic/a_c84316f5_491_mc.jpg, mc
data/fdata4/pic/a_c84316f5_492_mo.jpg, mo
data/fdata4/pic/a_c84316f5_493_mq.jpg, mq
data/fdata4/pic/a_c84316f5_494_mw.jpg, mw
data/fdata4/pic/a_c84316f5_495_me.jpg, me
data/fdata4/pic/a_c84316f5_496_m1.jpg, m1
data/fdata4/pic/a_c84316f5_497_m2.jpg, m2
data/fdata4/pic/a_c84316f5_498_m3.jpg, m3
data/fdata4/pic/a_c84316f5_499_m4.jpg, m4
data/fdata4/pic/a_c84316f5_500_m5.jpg, m5
data/fdata4/pic/a_c84316f5_501_rc.jpg, rc
data/fdata4/pic/a_c84316f5_502_ro.jpg, ro
data/fdata4/pic/a_c84316f5_503_rq.jpg, rq
data/fdata4/pic/a_c84316f5_504_rw.jpg, rw
data/fdata4/pic/a_c84316f5_505_re.jpg, re
data/fdata4/pic/a_c84316f5_506_r1.jpg, r1
data/fdata4/pic/a_c84316f5_507_r2.jpg, r2
data/fdata4/pic/a_c84316f5_508_r3.jpg, r3
data/fdata4/pic/a_c84316f5_509_r4.jpg, r4
data/fdata4/pic/a_c84316f5_510_r5.jpg, r5
data/fdata4/pic/a_c84316f5_511_lc.jpg, lc
data/fdata4/pic/a_c84316f5_512_lo.jpg, lo
data/fdata4/pic/a_c84316f5_513_lq.jpg, lq
data/fdata4/pic/a_c84316f5_514_lw.jpg, lw
data/fdata4/pic/a_c84316f5_515_le.jpg, le
data/fdata4/pic/a_c84316f5_516_l1.jpg, l1
data/fdata4/pic/a_c84316f5_517_l2.jpg, l2
data/fdata4/pic/a_c84316f5_518_l3.jpg, l3
data/fdata4/pic/a_c84316f5_519_l4.jpg, l4
data/fdata4/pic/a_c84316f5_520_l5.jpg, l5
data/fdata4/pic/a_c84316f5_521_mc.jpg, mc
data/fdata4/pic/a_c84316f5_522_mo.jpg, mo
data/fdata4/pic/a_c84316f5_523_mq.jpg, mq
data/fdata4/pic/a_c84316f5_524_mw.jpg, mw
data/fdata4/pic/a_c84316f5_525_me.jpg, me
data/fdata4/pic/a_c84316f5_526_m1.jpg, m1
data/fdata4/pic/a_c84316f5_527_m2.jpg, m2
data/fdata4/pic/a_c84316f5_528_m3.jpg, m3
data/fdata4/pic/a_c84316f5_529_m4.jpg, m4
data/fdata4/pic/a_c84316f5_530_m5.jpg, m5
data/fdata4/pic/a_c84316f5_531_rc.jpg, rc
data/fdata4/pic/a_c84316f5_532_ro.jpg, ro
data/fdata4/pic/a_c84316f5_533_rq.jpg, rq
data/fdata4/pic/a_c84316f5_534_rw.jpg, rw
data/fdata4/pic/a_c84316f5_535_re.jpg, re
data/fdata4/pic/a_c84316f5_536_r1.jpg, r1
data/fdata4/pic/a_c84316f5_537_r2.jpg, r2
data/fdata4/pic/a_c84316f5_538_r3.jpg, r3
data/fdata4/pic/a_c84316f5_539_r4.jpg, r4
data/fdata4/pic/a_c84316f5_540_r5.jpg, r5
data/fdata4/pic/a_c84316f5_541_lc.jpg, lc
data/fdata4/pic/a_c84316f5_542_lo.jpg, lo
data/fdata4/pic/a_c84316f5_543_lq.jpg, lq
data/fdata4/pic/a_c84316f5_544_lw.jpg, lw
data/fdata4/pic/a_c84316f5_545_le.jpg, le
data/fdata4/pic/a_c84316f5_546_l1.jpg, l1
data/fdata4/pic/a_c84316f5_547_l2.jpg, l2
data/fdata4/pic/a_c84316f5_548_l3.jpg, l3
data/fdata4/pic/a_c84316f5_549_l4.jpg, l4
data/fdata4/pic/a_c84316f5_550_l5.jpg, l5
data/fdata4/pic/a_c84316f5_551_mc.jpg, mc
data/fdata4/pic/a_c84316f5_552_mo.jpg, mo
data/fdata4/pic/a_c84316f5_553_mq.jpg, mq
data/fdata4/pic/a_c84316f5_554_mw.jpg, mw
data/fdata4/pic/a_c84316f5_555_me.jpg, me
data/fdata4/pic/a_c84316f5_556_m1.jpg, m1
data/fdata4/pic/a_c84316f5_557_m2.jpg, m2
data/fdata4/pic/a_c84316f5_558_m3.jpg, m3
data/fdata4/pic/a_c84316f5_559_m4.jpg, m4
data/fdata4/pic/a_c84316f5_560_m5.jpg, m5
data/fdata4/pic/a_c84316f5_561_rc.jpg, rc
data/fdata4/pic/a_c84316f5_562_ro.jpg, ro
data/fdata4/pic/a_c84316f5_563_rq.jpg, rq
data/fdata4/pic/a_c84316f5_564_rw.jpg, rw
data/fdata4/pic/a_c84316f5_565_re.jpg, re
data/fdata4/pic/a_c84316f5_566_r1.jpg, r1
data/fdata4/pic/a_c84316f5_567_r2.jpg, r2
data/fdata4/pic/a_c84316f5_568_r3.jpg, r3
data/fdata4/pic/a_c84316f5_569_r4.jpg, r4
data/fdata4/pic/a_c84316f5_570_r5.jpg, r5
data/fdata4/pic/a_c84316f5_571_lc.jpg, lc
data/fdata4/pic/a_c84316f5_572_lo.jpg, lo
data/fdata4/pic/a_c84316f5_573_lq.jpg, lq
data/fdata4/pic/a_c84316f5_574_lw.jpg, lw
data/fdata4/pic/a_c84316f5_575_le.jpg, le
data/fdata4/pic/a_c84316f5_576_l1.jpg, l1
data/fdata4/pic/a_c84316f5_577_l2.jpg, l2
data/fdata4/pic/a_c84316f5_578_l3.jpg, l3
data/fdata4/pic/a_c84316f5_579_l4.jpg, l4
data/fdata4/pic/a_c84316f5_580_l5.jpg, l5
data/fdata4/pic/a_c84316f5_581_mc.jpg, mc
data/fdata4/pic/a_c84316f5_582_mo.jpg, mo
data/fdata4/pic/a_c84316f5_583_mq.jpg, mq
data/fdata4/pic/a_c84316f5_584_mw.jpg, mw
data/fdata4/pic/a_c84316f5_585_me.jpg, me
data/fdata4/pic/a_c84316f5_586_m1.jpg, m1
data/fdata4/pic/a_c84316f5_587_m2.jpg, m2
data/fdata4/pic/a_c84316f5_588_m3.jpg, m3
data/fdata4/pic/a_c84316f5_589_m4.jpg, m4
data/fdata4/pic/a_c84316f5_590_m5.jpg, m5
data/fdata4/pic/a_c84316f5_591_rc.jpg, rc
data/fdata4/pic/a_c84316f5_592_ro.jpg, ro
data/fdata4/pic/a_c84316f5_593_rq.jpg, rq
data/fdata4/pic/a_c84316f5_594_rw.jpg, rw
data/fdata4/pic/a_c84316f5_595_re.jpg, re
data/fdata4/pic/a_c84316f5_596_r1.jpg, r1
data/fdata4/pic/a_c84316f5_597_r2.jpg, r2
data/fdata4/pic/a_c84316f5_598_r3.jpg, r3
data/fdata4/pic/a_c84316f5_599_r4.jpg, r4
data/fdata4/pic/a_c84316f5_600_r5.jpg, r5
data/fdata4/pic/a_c84316f5_601_lc.jpg, lc
data/fdata4/pic/a_c84316f5_602_lo.jpg, lo
data/fdata4/pic/a_c84316f5_603_lq.jpg, lq
data/fdata4/pic/a_c84316f5_604_lw.jpg, lw
data/fdata4/pic/a_c84316f5_605_le.jpg, le
data/fdata4/pic/a_c84316f5_606_l1.jpg, l1
data/fdata4/pic/a_c84316f5_607_l2.jpg, l2
data/fdata4/pic/a_c84316f5_608_l3.jpg, l3
data/fdata4/pic/a_c84316f5_609_l4.jpg, l4
data/fdata4/pic/a_c84316f5_610_l5.jpg, l5
data/fdata4/pic/a_c84316f5_611_mc.jpg, mc
data/fdata4/pic/a_c84316f5_612_mo.jpg, mo
data/fdata4/pic/a_c84316f5_613_mq.jpg, mq
data/fdata4/pic/a_c84316f5_614_mw.jpg, mw
data/fdata4/pic/a_c84316f5_615_me.jpg, me
data/fdata4/pic/a_c84316f5_616_m1.jpg, m1
data/fdata4/pic/a_c84316f5_617_m2.jpg, m2
data/fdata4/pic/a_c84316f5_618_m3.jpg, m3
data/fdata4/pic/a_c84316f5_619_m4.jpg, m4
data/fdata4/pic/a_c84316f5_620_m5.jpg, m5
data/fdata4/pic/a_c84316f5_621_rc.jpg, rc
data/fdata4/pic/a_c84316f5_622_ro.jpg, ro
data/fdata4/pic/a_c84316f5_623_rq.jpg, rq
data/fdata4/pic/a_c84316f5_624_rw.jpg, rw
data/fdata4/pic/a_c84316f5_625_re.jpg, re
data/fdata4/pic/a_c84316f5_626_r1.jpg, r1
data/fdata4/pic/a_c84316f5_627_r2.jpg, r2
data/fdata4/pic/a_c84316f5_628_r3.jpg, r3
data/fdata4/pic/a_c84316f5_629_r4.jpg, r4
data/fdata4/pic/a_c84316f5_630_r5.jpg, r5
data/fdata4/pic/a_c84316f5_631_lc.jpg, lc
data/fdata4/pic/a_c84316f5_632_lo.jpg, lo
data/fdata4/pic/a_c84316f5_633_lq.jpg, lq
data/fdata4/pic/a_c84316f5_634_lw.jpg, lw
data/fdata4/pic/a_c84316f5_635_le.jpg, le
data/fdata4/pic/a_c84316f5_636_l1.jpg, l1
data/fdata4/pic/a_c84316f5_637_l2.jpg, l2
data/fdata4/pic/a_c84316f5_638_l3.jpg, l3
data/fdata4/pic/a_c84316f5_639_l4.jpg, l4
data/fdata4/pic/a_c84316f5_640_l5.jpg, l5
data/fdata4/pic/a_c84316f5_641_mc.jpg, mc
data/fdata4/pic/a_c84316f5_642_mo.jpg, mo
data/fdata4/pic/a_c84316f5_643_mq.jpg, mq
data/fdata4/pic/a_c84316f5_644_mw.jpg, mw
data/fdata4/pic/a_c84316f5_645_me.jpg, me
data/fdata4/pic/a_c84316f5_646_m1.jpg, m1
data/fdata4/pic/a_c84316f5_647_m2.jpg, m2
data/fdata4/pic/a_c84316f5_648_m3.jpg, m3
data/fdata4/pic/a_c84316f5_649_m4.jpg, m4
data/fdata4/pic/a_c84316f5_650_m5.jpg, m5
data/fdata4/pic/a_c84316f5_651_rc.jpg, rc
data/fdata4/pic/a_c84316f5_652_ro.jpg, ro
data/fdata4/pic/a_c84316f5_653_rq.jpg, rq
data/fdata4/pic/a_c84316f5_654_rw.jpg, rw
data/fdata4/pic/a_c84316f5_655_re.jpg, re
data/fdata4/pic/a_c84316f5_656_r1.jpg, r1
data/fdata4/pic/a_c84316f5_657_r2.jpg, r2
data/fdata4/pic/a_c84316f5_658_r3.jpg, r3
data/fdata4/pic/a_c84316f5_660_r4.jpg, r4
data/fdata4/pic/a_c84316f5_661_r5.jpg, r5
